"","Sample","ARG.group","ReadCount","16s.NormalizedReadCount","ARG.category"
"1",1030,"ACRB","3","0.000479010188333","multidrug"
"2",1030,"OMPF","1","0.000474006283231","multidrug"
"3",1030,"DNA-BINDING_PROTEIN_H-NS","2","0.00242884971408","unclassified"
"4",1037,"CTX-M","3","0.00148624651142","beta-lactam"
"5",1037,"RPOB2","1","0.000124067049576","multidrug"
"6",1037,"TOLC","1","0.000291244265874","multidrug"
"7",1037,"DNA-BINDING_PROTEIN_H-NS","1","0.00105230592414","unclassified"
"8",1037,"AAC(3)-II","1","0.000504076614013","aminoglycoside"
"9",1053,"CTX-M","4","0.000116933292129","beta-lactam"
"10",1053,"CAMP-REGULATORY_PROTEIN","2","0.000104379104324","unclassified"
"11",1053,"OMPF","1","2.4236173796e-05","multidrug"
"12",1053,"YOJI","1","1.55519140811e-05","peptide"
"13",1053,"ESCHERICHIA_COLI_LAMB","3","5.72212802851e-05","multidrug"
"14",1053,"ACRB","3","2.44920259186e-05","multidrug"
"15",1053,"PORIN_OMPC","3","6.95386675945e-05","beta-lactam"
"16",1053,"TETA","1","2.02545166724e-05","tetracycline"
"17",1053,"MSBA","1","1.46166615161e-05","nitroimidazole"
"18",1053,"MEXB","1","8.13278872121e-06","multidrug"
"19",1053,"BICYCLOMYCIN-MULTIDRUG_EFFLUX_PROTEIN_BCR","1","2.14820631373e-05","multidrug"
"20",1053,"KASUGAMYCIN_RESISTANCE_PROTEIN_KSGA","1","3.11607948805e-05","aminoglycoside"
"21",1053,"MACB","1","1.3209467395e-05","MLS"
"22",1053,"AAC(3)-II","1","2.97443951132e-05","aminoglycoside"
"23",1053,"OXA","5","0.000154110452942","beta-lactam"
"24",1053,"CLASS_C","4","8.72502256655e-05","beta-lactam"
"25",1053,"CLASS_A","1","2.83563233413e-05","beta-lactam"
"26",1053,"MARA","1","6.69834409637e-05","multidrug"
"27",1053,"DFRA14","1","5.41840573401e-05","diaminopyrimidine"
"28",1053,"METALLO-BETA-LACTAMASE","1","2.93341275944e-05","beta-lactam"
"29",1053,"SERRATIA_MARCESCENS_OMP1","1","2.27457139101e-05","multidrug"
"30",1053,"ACRA","1","2.13205438656e-05","multidrug"
"31",1054,"TETX","1","1.3399359764e-06","tetracycline"
"32",1054,"VANR","2","4.51716407764e-06","glycopeptide"
"33",1054,"AADE","1","2.18234298266e-06","aminoglycoside"
"34",1054,"RPOB2","57","2.53711457425e-05","multidrug"
"35",1054,"ERMF","4","7.77767348707e-06","MLS"
"36",1054,"CFXA2","14","2.25576760637e-05","beta-lactam"
"37",1054,"TETW","9","7.28472235057e-06","tetracycline"
"38",1054,"UGD","3","3.99908726977e-06","peptide"
"39",1054,"TETQ","1","7.87237879589e-07","tetracycline"
"40",1054,"TET37","21","0.000100569639118","tetracycline"
"41",1054,"MSBA","1","8.88686059949e-07","nitroimidazole"
"42",1066,"ESCHERICHIA_COLI_LAMB","1","4.01576197794e-05","multidrug"
"43",1066,"RPOB2","5","7.70666885611e-05","multidrug"
"44",1066,"DNA-BINDING_PROTEIN_H-NS","1","0.000130732105267","unclassified"
"45",1066,"UGD","1","4.61605629422e-05","peptide"
"46",1066,"ACRB","2","3.43767724023e-05","multidrug"
"47",1066,"MDTB","1","1.722144079e-05","multidrug"
"48",1066,"OMPF","1","5.10264912296e-05","multidrug"
"49",1066,"TOLC","1","3.61824210537e-05","multidrug"
"50",1066,"EMRD","1","4.54576102071e-05","multidrug"
"51",106,"RPOB2","1","5.4764164931e-05","multidrug"
"52",106,"TETQ","1","9.68583860728e-05","tetracycline"
"53",106,"MUXB","1","6.10124253594e-05","multidrug"
"54",106,"UGD","2","0.000328020410566","peptide"
"55",1076,"CATA","2","0.00392132700773","phenicol"
"56",1076,"MPHA","1","0.00142652926029","MLS"
"57",1076,"CAMP-REGULATORY_PROTEIN","1","0.00263426568924","unclassified"
"58",1076,"ADP-RIBOSYLATING_TRANSFERASE_ARR","1","0.00286256871564","rifamycin"
"59",1076,"AAC(3)-II","2","0.00300269445697","aminoglycoside"
"60",1079,"MEFA","10","0.000122202338741","MLS"
"61",1079,"LNUC","2","6.03560331587e-05","MLS"
"62",1079,"RPOB2","10","4.25920371688e-05","multidrug"
"63",1079,"CFXA2","1","1.54180520842e-05","beta-lactam"
"64",1079,"ACRB","1","4.74970702401e-06","multidrug"
"65",1079,"TETQ","8","6.02641670504e-05","tetracycline"
"66",1079,"TETM","1","7.74521865261e-06","tetracycline"
"67",1079,"SAT-4","3","8.24865786503e-05","nucleoside"
"68",1079,"APH(3''')-III","8","0.000149975597546","aminoglycoside"
"69",1099,"BACA","1","8.79661453198e-05","bacitracin"
"70",1099,"RPOB2","2","4.13334899696e-05","multidrug"
"71",1099,"SMEB","1","2.28930006409e-05","multidrug"
"72",1099,"DNA-BINDING_PROTEIN_H-NS","1","0.000175290201988","unclassified"
"73",1099,"UGD","1","6.1893705341e-05","peptide"
"74",1099,"BPEF","1","2.26340788617e-05","multidrug"
"75",1105,"CTX-M","52","0.00412147525834","beta-lactam"
"76",1105,"CAMP-REGULATORY_PROTEIN","1","0.000141499445514","unclassified"
"77",1105,"OMPF","18","0.00118279023686","multidrug"
"78",1105,"ESCHERICHIA_COLI_MIPA","1","9.30016516886e-05","multidrug"
"79",1105,"MSBA","2","7.92591395834e-05","nitroimidazole"
"80",1105,"TEM","3","0.000246239248599","beta-lactam"
"81",1105,"MULTIDRUG_ABC_TRANSPORTER","1","3.99038228698e-05","multidrug"
"82",1105,"PORIN_OMPC","1","6.28458027759e-05","beta-lactam"
"83",1105,"ACRA","1","5.78055378916e-05","multidrug"
"84",1105,"MDTD","2","9.79380450903e-05","multidrug"
"85",1105,"TETA","3","0.000164745782991","tetracycline"
"86",1105,"CPXA","3","0.000151407502968","aminoglycoside:aminocoumarin"
"87",1105,"KASUGAMYCIN_RESISTANCE_PROTEIN_KSGA","4","0.000337940067674","aminoglycoside"
"88",1105,"MDTK","2","9.73181840454e-05","fluoroquinolone/multidrug"
"89",1105,"MACB","3","0.000107442901951","MLS"
"90",1105,"TET34","3","0.000449306680885","tetracycline"
"91",1105,"RPOB2","3","5.9546668551e-05","multidrug"
"92",1105,"DNA-BINDING_PROTEIN_H-NS","20","0.00336706709763","unclassified"
"93",1105,"ACRB","5","0.00011067375057","multidrug"
"94",1105,"EVGS","1","1.92685126305e-05","multidrug"
"95",1105,"BACTERIAL_REGULATORY_PROTEIN_LUXR","2","0.000226121662929","unclassified"
"96",1105,"TOLC","3","0.00013978430072","multidrug"
"97",1127,"APH(3'')-I","1","1.84797199011e-05","aminoglycoside"
"98",1127,"OMPR","1","2.20459816364e-05","multidrug"
"99",1127,"BACA","2","3.68240572389e-05","bacitracin"
"100",1127,"MDFA","2","2.45194332347e-05","multidrug"
"101",1127,"CAMP-REGULATORY_PROTEIN","1","3.08373240068e-05","unclassified"
"102",1127,"MEXB","1","4.80543385574e-06","multidrug"
"103",1127,"COB(I)ALAMIN_ADENOLSYLTRANSFERASE","3","7.69359767312e-05","unclassified"
"104",1127,"OMPF","4","5.7281866816e-05","multidrug"
"105",1127,"ESCHERICHIA_COLI_MIPA","1","2.02680798916e-05","multidrug"
"106",1127,"MSBA","6","5.18194207537e-05","nitroimidazole"
"107",1127,"MIR","1","1.31928709005e-05","beta-lactam"
"108",1127,"TEM","1","1.78878427513e-05","beta-lactam"
"109",1127,"TETQ","5","3.82533014696e-05","tetracycline"
"110",1127,"SUL2","6","0.000111287464497","sulfonamide"
"111",1127,"UGD","3","3.88645655653e-05","peptide"
"112",1127,"PORIN_OMPC","6","8.21768470808e-05","beta-lactam"
"113",1127,"MDTK","1","1.06043962302e-05","multidrug"
"114",1127,"TRANSCRIPTIONAL_REGULATORY_PROTEIN_CPXR_CPXR","4","8.66635140191e-05","unclassified"
"115",1127,"YOJI","1","9.18918430184e-06","peptide"
"116",1127,"KDPE","1","2.23399280583e-05","aminoglycoside"
"117",1127,"RAMA","2","8.10723195662e-05","multidrug"
"118",1127,"MDTL","2","2.57109146451e-05","multidrug"
"119",1127,"OQXB","1","4.78712744105e-06","multidrug"
"120",1127,"SHV","1","1.75751182276e-05","beta-lactam"
"121",1127,"BICYCLOMYCIN-MULTIDRUG_EFFLUX_PROTEIN_BCR","2","2.53862818844e-05","multidrug"
"122",1127,"APH(6)-I","1","1.88965556884e-05","aminoglycoside"
"123",1127,"KASUGAMYCIN_RESISTANCE_PROTEIN_KSGA","2","3.68240572389e-05","aminoglycoside"
"124",1127,"TOLC","7","7.10815892763e-05","multidrug"
"125",1127,"MACB","1","7.80509908868e-06","MLS"
"126",1127,"MACA","1","1.35484738898e-05","MLS"
"127",1127,"OMP36","6","8.04237410097e-05","multidrug"
"128",1127,"BAES","1","1.07633486362e-05","multidrug"
"129",1127,"RPOB2","27","0.000116794374315","multidrug"
"130",1127,"CPXA","4","4.39954819528e-05","aminoglycoside:aminocoumarin"
"131",1127,"EMRR","13","0.000371274372559","fluoroquinolone"
"132",1127,"DNA-BINDING_PROTEIN_H-NS","8","0.000293517302955","unclassified"
"133",1127,"ACRB","12","5.78865698247e-05","multidrug"
"134",1127,"ACRA","7","8.81839265457e-05","multidrug"
"135",1127,"ACRF","2","9.72240582806e-06","multidrug"
"136",1127,"ACRD","1","4.8471396462e-06","aminoglycoside"
"137",1127,"KLEBSIELLA_PNEUMONIAE_OMPK36","5","6.84807059006e-05","beta-lactam"
"138",1127,"EMRA","4","5.15536801344e-05","multidrug"
"139",1127,"EMRB","8","7.85388095798e-05","multidrug"
"140",1127,"SDIA","1","2.09436825546e-05","unclassified"
"141",1128,"PBP-1B","1","1.08387460709e-05","beta-lactam"
"142",1128,"RPOB2","1","7.65801249933e-06","multidrug"
"143",1128,"AMPC","3","7.00677994033e-05","beta-lactam"
"144",1128,"DHA","2","4.69583668824e-05","beta-lactam"
"145",1128,"ACRB","4","3.41597332984e-05","multidrug"
"146",1128,"TETQ","1","1.3544308256e-05","tetracycline"
"147",1128,"OMPF","3","7.6056500207e-05","multidrug"
"148",1138,"VANR","1","0.00011695141314","glycopeptide"
"149",1138,"MEFA","1","6.61280829852e-05","MLS"
"150",1138,"RPOB2","3","6.91442520026e-05","multidrug"
"151",1138,"EMRR","1","0.000152169736415","fluoroquinolone"
"152",1138,"KASUGAMYCIN_RESISTANCE_PROTEIN_KSGA","1","9.81021011319e-05","aminoglycoside"
"153",1138,"PORIN_OMPC","1","7.29751324496e-05","beta-lactam"
"154",1138,"TETQ","2","8.15277735434e-05","tetracycline"
"155",1138,"OMPF","1","7.63016342137e-05","multidrug"
"156",1138,"DNA-BINDING_PROTEIN_H-NS","1","0.000195488128533","unclassified"
"157",1138,"TET36","1","4.18466775141e-05","tetracycline"
"158",1138,"ESCHERICHIA_COLI_MIPA","1","0.000107991425843","multidrug"
"159",1144,"TETQ","1","3.96457475271e-05","tetracycline"
"160",1145,"TETQ","1","1.7414126074e-05","tetracycline"
"161",1145,"OQXB","1","1.08962674577e-05","multidrug"
"162",1145,"TAEA","1","1.76559889361e-05","pleuromutilin"
"163",1145,"ERMF","2","8.60231641398e-05","MLS"
"164",1145,"BACA","1","4.19087209912e-05","bacitracin"
"165",1151,"PBP-1A","1","1.8467241641e-05","beta-lactam"
"166",1151,"RPOB2","6","6.85608265397e-05","multidrug"
"167",1151,"SUL1","1","4.69185397168e-05","sulfonamide"
"168",1151,"ACRA","2","6.65561240093e-05","multidrug"
"169",1151,"AADA","1","5.04864895052e-05","aminoglycoside"
"170",1151,"TRANSCRIPTIONAL_REGULATORY_PROTEIN_CPXR_CPXR","1","5.72325290511e-05","unclassified"
"171",1151,"ESCHERICHIA_COLI_MIPA","2","0.000107080215644","multidrug"
"172",1152,"MDSB","1","0.000169371845715","multidrug"
"173",1152,"MDTC","1","0.000174329070468","multidrug"
"174",1152,"TOLC","1","0.000360984438848","multidrug"
"175",1152,"OMPF","1","0.000509080618888","multidrug"
"176",1152,"MDTK","1","0.000376977420316","multidrug"
"177",1152,"DNA-BINDING_TRANSCRIPTIONAL_REGULATOR_GADX","1","0.000652143420547","unclassified"
"178",1152,"YOJI","1","0.000326667819433","peptide"
"179",1158,"RPOB2","3","8.46923237882e-05","multidrug"
"180",1158,"TOLC","1","6.62710304659e-05","multidrug"
"181",1158,"MAJOR_FACILITATOR_SUPERFAMILY_TRANSPORTER","1","8.43294603615e-05","multidrug"
"182",1158,"DNA-BINDING_PROTEIN_H-NS","1","0.000239446423946","unclassified"
"183",1162,"CLASS_C","2","3.12877953892e-05","beta-lactam"
"184",1162,"PBP-1A","2","1.69711268453e-05","beta-lactam"
"185",1162,"CATD","3","8.63366052013e-05","phenicol"
"186",1162,"MEXY","1","5.83839244104e-06","multidrug"
"187",1162,"RPOB2","17","8.9259072044e-05","multidrug"
"188",1162,"CFXA6","1","1.84323870118e-05","beta-lactam"
"189",1162,"OMPF","1","1.73821085495e-05","multidrug"
"190",1162,"AMRB","2","1.16767848821e-05","multidrug"
"191",1162,"TETQ","5","4.64316598241e-05","tetracycline"
"192",1162,"ADEF","1","5.76120878271e-06","multidrug"
"193",1162,"TETW","3","2.86437563422e-05","tetracycline"
"194",1162,"EMRB","1","1.19162501971e-05","multidrug"
"195",1162,"TET32","1","9.54791878074e-06","tetracycline"
"196",1164,"APH(3''')-III","2","2.81896711313e-05","aminoglycoside"
"197",1164,"OMPR","1","1.63203359181e-05","multidrug"
"198",1164,"ERMB","21","0.000318945993371","MLS"
"199",1164,"ERMF","3","4.19665780751e-05","MLS"
"200",1164,"PATA","1","8.10683352795e-06","fluoroquinolone"
"201",1164,"OMPF","2","2.12024876885e-05","multidrug"
"202",1164,"TET40","1","9.16511475204e-06","tetracycline"
"203",1164,"DNA-BINDING_TRANSCRIPTIONAL_REGULATOR_GADX","2","2.7160851017e-05","unclassified"
"204",1164,"ACRB","4","1.4284209556e-05","multidrug"
"205",1164,"TEM","1","1.32421230937e-05","beta-lactam"
"206",1164,"TETQ","1","5.66367821815e-06","tetracycline"
"207",1164,"TETW","1","5.82321844965e-06","tetracycline"
"208",1164,"TETM","2","1.16464368993e-05","tetracycline"
"209",1164,"TOLC","1","7.517245635e-06","multidrug"
"210",1164,"VANR","1","1.62490680757e-05","glycopeptide"
"211",1164,"AADE","1","1.57005763263e-05","aminoglycoside"
"212",1164,"VANRI","1","1.60389508161e-05","glycopeptide"
"213",1164,"TET32","5","2.91160922483e-05","tetracycline"
"214",1164,"RPOB2","52","0.000166517988507","multidrug"
"215",1164,"DNA-BINDING_PROTEIN_H-NS","1","2.7160851017e-05","unclassified"
"216",1164,"SERRATIA_MARCESCENS_OMP1","1","9.94929569339e-06","multidrug"
"217",1164,"MCR-1","1","6.87807132962e-06","peptide"
"218",1164,"ACRA","4","3.73036249557e-05","multidrug"
"219",1164,"ACRD","1","3.58827057794e-06","aminoglycoside"
"220",1164,"APH(2'')-IF","1","1.2528742725e-05","aminoglycoside"
"221",1165,"PORIN_OMPC","1","6.1442425206e-06","beta-lactam"
"222",1165,"CLASS_A","30","0.000225493700506","beta-lactam"
"223",1165,"VANR","1","9.84688648498e-06","glycopeptide"
"224",1165,"RPOB2","10","1.94056540883e-05","multidrug"
"225",1165,"EMRR","1","1.28121420742e-05","fluoroquinolone"
"226",1165,"DNA-BINDING_PROTEIN_H-NS","1","1.64593941975e-05","unclassified"
"227",1165,"ACRB","3","6.49214108942e-06","multidrug"
"228",1165,"ACRA","1","5.65147119063e-06","multidrug"
"229",1165,"SUL2","4","3.32832030267e-05","sulfonamide"
"230",1171,"ERMB","1","0.000109576085172","MLS"
"231",1171,"RPOB2","1","2.3103391452e-05","multidrug"
"232",1171,"MDSA","1","6.57993648707e-05","multidrug"
"233",1176,"PORIN_OMPC","1","5.45797643999e-05","beta-lactam"
"234",1176,"RPOB2","4","6.89527488288e-05","multidrug"
"235",1176,"TETQ","2","6.09764795579e-05","tetracycline"
"236",1176,"TET32","2","6.26941268694e-05","tetracycline"
"237",1176,"BACA","1","7.33727968306e-05","bacitracin"
"238",1180,"ACRB","1","0.000350492280114","multidrug"
"239",1180,"CTX-M","3","0.00376508201937","beta-lactam"
"240",1180,"AXYY","1","0.00034948608218","multidrug"
"241",1180,"YOJI","1","0.000667665367237","peptide"
"242",1184,"RPOB2","12","0.000398177060886","multidrug"
"243",1184,"CFXA6","2","0.000232971674093","beta-lactam"
"244",1184,"CFXA2","5","0.000600573396612","beta-lactam"
"245",1184,"UGD","4","0.00039749290786","peptide"
"246",1184,"TETQ","5","0.000293430837614","tetracycline"
"247",1184,"MEL","2","0.000158344197382","MLS"
"248",1184,"TET37","1","0.000357007519097","tetracycline"
"249",1190,"RPOB2","3","5.60196680151e-05","multidrug"
"250",1190,"TETA","1","5.16625827251e-05","tetracycline"
"251",1190,"PENA","1","3.48287074551e-05","beta-lactam"
"252",1190,"DNA-BINDING_PROTEIN_H-NS","1","0.000158381640471","unclassified"
"253",1190,"TETQ","1","3.30263085914e-05","tetracycline"
"254",1194,"ACRB","1","1.92161336511e-05","multidrug"
"255",1194,"RPOB2","1","1.72316792293e-05","multidrug"
"256",1194,"OMPF","1","5.70461859386e-05","multidrug"
"257",1194,"TETQ","1","3.04767294741e-05","tetracycline"
"258",1196,"ROSB","2","0.000362153355761","fosmidomycin"
"259",1196,"CEOB","1","9.57396651305e-05","multidrug"
"260",1202,"TETA","1","0.000808902445913","tetracycline"
"261",1202,"SUL2","1","0.00125364954717","sulfonamide"
"262",1226,"RPOB2","11","0.000157788644635","multidrug"
"263",1226,"ACRB","1","1.59963710579e-05","multidrug"
"264",1226,"TETM","3","7.82545476166e-05","tetracycline"
"265",1226,"TET37","1","0.000154335357799","tetracycline"
"266",1226,"MEXB","1","1.59351994669e-05","multidrug"
"267",1226,"OXA","3","0.000181176289591","beta-lactam"
"268",1236,"MRX","1","6.98695001676e-05","MLS"
"269",1236,"BACA","1","0.000105444080839","bacitracin"
"270",1236,"RPOB2","2","4.95460138882e-05","multidrug"
"271",1236,"CFXA6","1","8.69674745289e-05","beta-lactam"
"272",1236,"CFXA2","2","0.000179353483296","beta-lactam"
"273",1236,"KASUGAMYCIN_RESISTANCE_PROTEIN_KSGA","1","0.000105444080839","aminoglycoside"
"274",1236,"ACRB","2","5.52518888082e-05","multidrug"
"275",1236,"TETQ","1","4.38146637277e-05","tetracycline"
"276",1236,"OMPF","4","0.000328048251499","multidrug"
"277",1236,"DNA-BINDING_PROTEIN_H-NS","3","0.000630355490564","unclassified"
"278",1236,"TETA","1","6.85386525454e-05","tetracycline"
"279",1236,"OXA","1","0.000104297949526","beta-lactam"
"280",1236,"MSBA","1","4.94608832802e-05","nitroimidazole"
"281",1237,"ESCHERICHIA_COLI_LAMB","1","0.000110475943015","multidrug"
"282",1237,"TEM","1","0.000175346158664","beta-lactam"
"283",1237,"BACA","1","0.000180484507636","bacitracin"
"284",1237,"ERMB","6","0.00120666785105","MLS"
"285",1237,"EMRR","2","0.000559912165734","fluoroquinolone"
"286",1237,"UGD","1","0.000126990388105","peptide"
"287",1237,"PMRF","1","0.000153019473865","peptide"
"288",1237,"SUL1","1","0.000174106963196","sulfonamide"
"289",1237,"RPOB2","1","4.24029867337e-05","multidrug"
"290",1237,"OMPF","3","0.000421130517817","multidrug"
"291",1237,"ACRA","3","0.000370468199884","multidrug"
"292",1237,"TETM","5","0.000385542023354","tetracycline"
"293",1237,"KLEBSIELLA_PNEUMONIAE_OMPK36","2","0.000268513736156","beta-lactam"
"294",1237,"TOLC","5","0.000497699702875","multidrug"
"295",1237,"MDTH","1","0.000122567837275","multidrug"
"296",1237,"RAMA","2","0.000794714041687","multidrug"
"297",1253,"RPOB2","2","7.80714604651e-05","multidrug"
"298",1253,"ARNA","1","6.85189101665e-05","polymyxin"
"299",1253,"TETM","2","0.000141970324038","tetracycline"
"300",1253,"ROSB","1","8.35350249176e-05","fosmidomycin"
"301",1262,"MDTC","1","0.000231763963293","multidrug"
"302",1262,"BACA","1","0.000870176052658","bacitracin"
"303",1272,"AAC(3)-IV","1","0.000122852441521","aminoglycoside"
"304",1272,"MGRB","1","0.0006822231327","multidrug"
"305",1272,"APH(4)-I","2","0.000193159561668","aminoglycoside"
"306",1272,"RPOB2","4","0.000110376892382","multidrug"
"307",1277,"RPOB2","3","0.000183879141069","multidrug"
"308",1277,"ACRF","2","0.000137761161781","multidrug"
"309",1277,"BACA","1","0.000260888353995","bacitracin"
"310",1280,"APH(3'')-I","2","0.000139819827701","aminoglycoside"
"311",1280,"OMPR","1","8.34013007341e-05","multidrug"
"312",1280,"ERMB","1","7.76142717036e-05","MLS"
"313",1280,"CAMP-REGULATORY_PROTEIN","3","0.00034997846443","unclassified"
"314",1280,"PATA","2","8.28561941934e-05","fluoroquinolone"
"315",1280,"OMPF","4","0.000216700815583","multidrug"
"316",1280,"DNA-BINDING_PROTEIN_H-NS","5","0.000693996225087","unclassified"
"317",1280,"CMX","1","4.99094398094e-05","beta-lactam"
"318",1280,"DNA-BINDING_TRANSCRIPTIONAL_REGULATOR_GADX","3","0.000208198867526","unclassified"
"319",1280,"MSBA","2","6.53453490288e-05","nitroimidazole"
"320",1280,"ESCHERICHIA_COLI_LAMB","8","0.000341085140222","multidrug"
"321",1280,"TETQ","2","5.78858342995e-05","tetracycline"
"322",1280,"SUL2","2","0.000140335768025","sulfonamide"
"323",1280,"UGD","3","0.000147027035315","peptide"
"324",1280,"TETA","1","4.52749918271e-05","tetracycline"
"325",1280,"MDTH","1","4.73022302671e-05","multidrug"
"326",1280,"KDPE","1","8.45133180773e-05","aminoglycoside"
"327",1280,"APH(3''')-III","1","7.20283960886e-05","aminoglycoside"
"328",1280,"AADA","4","0.000289209073268","aminoglycoside"
"329",1280,"APH(6)-I","1","7.14868292007e-05","aminoglycoside"
"330",1280,"KASUGAMYCIN_RESISTANCE_PROTEIN_KSGA","1","6.96538335802e-05","aminoglycoside"
"331",1280,"TOLC","5","0.000192075722903","multidrug"
"332",1280,"OMP36","1","5.07079908464e-05","multidrug"
"333",1280,"CLASS_C","2","9.75153670122e-05","beta-lactam"
"334",1280,"RPOB2","2","3.27289097545e-05","multidrug"
"335",1280,"CPXA","2","8.32188033584e-05","aminoglycoside:aminocoumarin"
"336",1280,"DFRA12","1","0.000115245433742","diaminopyrimidine"
"337",1280,"ACRB","1","1.82490370128e-05","multidrug"
"338",1280,"KLEBSIELLA_PNEUMONIAE_OMPK36","1","5.18133421455e-05","beta-lactam"
"339",1298,"RPOB2","2","3.92483201198e-05","multidrug"
"340",1298,"UGD","1","5.87713247155e-05","peptide"
"341",1298,"MDTB","3","6.57786749701e-05","multidrug"
"342",1298,"MDTD","1","4.84145944578e-05","multidrug"
"343",1298,"APH(3')-I","2","0.000168289844942","aminoglycoside"
"344",1298,"MSBA","1","3.91808831437e-05","nitroimidazole"
"345",1304,"PBP-1B","1","4.75165667157e-06","beta-lactam"
"346",1304,"MEFA","1","9.63237068483e-06","MLS"
"347",1304,"OMPR","2","3.42202642751e-05","multidrug"
"348",1304,"ERMB","2","3.1845796958e-05","MLS"
"349",1304,"MEL","1","8.01049307466e-06","MLS"
"350",1304,"CFXA2","1","1.2152991051e-05","beta-lactam"
"351",1304,"TET40","1","9.60864563389e-06","tetracycline"
"352",1304,"TETQ","6","3.56265765056e-05","tetracycline"
"353",1304,"RPOB2","2","6.71447526223e-06","multidrug"
"354",1304,"ARNA","1","5.89291560024e-06","polymyxin"
"355",1304,"ACRA","1","9.77721836431e-06","multidrug"
"356",1304,"TETW","2","1.2210047347e-05","tetracycline"
"357",1304,"MACA","1","1.05151216371e-05","MLS"
"358",1304,"CPXA","1","8.53634601172e-06","aminoglycoside:aminocoumarin"
"359",1312,"APH(3')-I","1","0.0067313794157","aminoglycoside"
"360",1312,"BACA","1","0.00668206528079","bacitracin"
"361",1313,"MIR","1","0.00129963007736","beta-lactam"
"362",1313,"MAJOR_FACILITATOR_SUPERFAMILY_TRANSPORTER","1","0.00127290246652","multidrug"
"363",1315,"CLASS_A","1","8.3331878517e-05","beta-lactam"
"364",1315,"AXYY","1","2.39230273255e-05","multidrug"
"365",1315,"BACA","1","9.15734928758e-05","bacitracin"
"366",1315,"RPOB2","2","4.30285087007e-05","multidrug"
"367",1315,"TETP","1","5.93813861166e-05","tetracycline"
"368",1315,"CFXA2","2","0.000155760520593","beta-lactam"
"369",1315,"TETQ","11","0.000418561946889","tetracycline"
"370",1317,"VANR","1","1.14988803367e-05","glycopeptide"
"371",1317,"TETO","9","3.70879379873e-05","tetracycline"
"372",1317,"CLASS_A","1","8.777478657e-06","beta-lactam"
"373",1317,"TETQ","112","0.000448893885655","tetracycline"
"374",1317,"MULTIDRUG_ABC_TRANSPORTER","1","4.55578477007e-06","multidrug"
"375",1317,"ERMF","4","3.95976480767e-05","MLS"
"376",1317,"ERMB","5","5.37396652469e-05","MLS"
"377",1317,"AAC(6')-I","1","1.43893092738e-05","aminoglycoside"
"378",1317,"CFXA3","1","8.20325108131e-06","beta-lactam"
"379",1317,"CFXA2","5","4.10162554065e-05","beta-lactam"
"380",1317,"TET40","1","6.48582166773e-06","tetracycline"
"381",1317,"OXA","6","5.72444260239e-05","beta-lactam"
"382",1317,"RPOB2","41","9.2911348951e-05","multidrug"
"383",1317,"PBP-1A","2","7.32473879582e-06","beta-lactam"
"384",1317,"TETM","8","3.29670559887e-05","tetracycline"
"385",1317,"TETW","10","4.12088199859e-05","tetracycline"
"386",1317,"TET32","3","1.23626459958e-05","tetracycline"
"387",1317,"CFXA6","12","9.54650246682e-05","beta-lactam"
"388",1317,"TET37","4","9.75275406333e-05","tetracycline"
"389",1317,"UGD","1","6.7867103018e-06","peptide"
"390",1317,"CMEB","3","7.59589499163e-06","multidrug"
"391",1323,"DHA","2","0.000436149615156","beta-lactam"
"392",1324,"TETQ","2","0.000925718522742","tetracycline"
"393",1324,"OMPR","1","0.00133376550316","multidrug"
"394",1332,"MEFA","1","1.62212864398e-05","MLS"
"395",1332,"ERMB","1","2.68147796249e-05","MLS"
"396",1332,"SUL2","2","4.84842878827e-05","sulfonamide"
"397",1332,"TETQ","1","9.9994231478e-06","tetracycline"
"398",1332,"RPOB2","16","9.04594975299e-05","multidrug"
"399",1332,"AMRB","1","6.28671866804e-06","multidrug"
"400",1332,"MSBA","1","1.1288008605e-05","nitroimidazole"
"401",1341,"KASUGAMYCIN_RESISTANCE_PROTEIN_KSGA","1","0.0026762353293","aminoglycoside"
"402",1341,"ACRB","1","0.00070116338282","multidrug"
"403",1341,"OMPF","3","0.00624454910169","multidrug"
"404",1341,"AMRB","1","0.000699150473587","multidrug"
"405",1341,"MDTH","1","0.00181744339527","multidrug"
"406",1341,"YOJI","1","0.00133567138007","peptide"
"407",1354,"AADE","1","9.10888108909e-05","aminoglycoside"
"408",1354,"RPOB2","4","7.4313418868e-05","multidrug"
"409",1354,"CFXA3","1","6.72524865456e-05","beta-lactam"
"410",1354,"CFXA2","6","0.000403514919274","beta-lactam"
"411",1354,"TETW","2","6.75682259191e-05","tetracycline"
"412",1354,"UGD","1","5.56392994359e-05","peptide"
"413",1354,"TETQ","1","3.28585208237e-05","tetracycline"
"414",1354,"TETM","1","3.37841129595e-05","tetracycline"
"415",1354,"TET37","1","0.000199889335011","tetracycline"
"416",1378,"RPOB2","2","7.68518601504e-05","multidrug"
"417",1378,"TET37","2","0.000826869087915","tetracycline"
"418",1378,"OMPF","1","0.00012721062891","multidrug"
"419",1386,"ESCHERICHIA_COLI_LAMB","1","7.09796027819e-05","multidrug"
"420",1386,"RPOB2","7","0.00019070423398","multidrug"
"421",1386,"AADA","1","0.000120368451866","aminoglycoside"
"422",1386,"MEFA","1","7.81651921993e-05","MLS"
"423",1386,"TETQ","1","4.81840225886e-05","tetracycline"
"424",1388,"LNUF","1","2.23367197485e-05","MLS"
"425",1388,"APH(3''')-III","1","2.30981988308e-05","aminoglycoside"
"426",1388,"OMPR","1","2.67452828568e-05","multidrug"
"427",1388,"CTX-M","41","0.000859157746203","beta-lactam"
"428",1388,"SDEY","1","5.80202139995e-06","multidrug"
"429",1388,"ERMF","3","6.87735844888e-05","MLS"
"430",1388,"CAMP-REGULATORY_PROTEIN","1","3.74105797015e-05","unclassified"
"431",1388,"MGRB","1","0.000129743074284","multidrug"
"432",1388,"COB(I)ALAMIN_ADENOLSYLTRANSFERASE","1","3.11118596497e-05","unclassified"
"433",1388,"OMPF","25","0.000434325106221","multidrug"
"434",1388,"LING","4","8.9346878994e-05","MLS"
"435",1388,"DNA-BINDING_TRANSCRIPTIONAL_REGULATOR_GADX","1","2.22551988735e-05","unclassified"
"436",1388,"ESCHERICHIA_COLI_MIPA","3","7.37652156211e-05","multidrug"
"437",1388,"TEM","3","6.51023967047e-05","beta-lactam"
"438",1388,"TETQ","16","0.000148503488374","tetracycline"
"439",1388,"CFXA6","2","3.68454652045e-05","beta-lactam"
"440",1388,"CFXA3","32","0.000607892784184","beta-lactam"
"441",1388,"CFXA2","3","5.69899485172e-05","beta-lactam"
"442",1388,"TETW","6","5.7257506961e-05","tetracycline"
"443",1388,"TET32","2","1.90858356537e-05","tetracycline"
"444",1388,"PORIN_OMPC","6","9.96935884143e-05","beta-lactam"
"445",1388,"ERMB","2","4.97789754395e-05","MLS"
"446",1388,"ACRA","13","0.000198679244079","multidrug"
"447",1388,"TETM","1","9.54291782683e-06","tetracycline"
"448",1388,"TETO","2","1.90858356537e-05","tetracycline"
"449",1388,"TETA","1","1.45188678365e-05","tetracycline"
"450",1388,"MEXE","1","1.53600113132e-05","multidrug"
"451",1388,"MEXB","1","5.82975572786e-06","multidrug"
"452",1388,"AADA","12","0.000278232296183","aminoglycoside"
"453",1388,"AADE","1","2.5729639204e-05","aminoglycoside"
"454",1388,"BICYCLOMYCIN-MULTIDRUG_EFFLUX_PROTEIN_BCR","2","3.07975984411e-05","multidrug"
"455",1388,"KASUGAMYCIN_RESISTANCE_PROTEIN_KSGA","1","2.23367197485e-05","aminoglycoside"
"456",1388,"TOLC","13","0.000160147511894","multidrug"
"457",1388,"OXA","1","2.20939293165e-05","beta-lactam"
"458",1388,"MEFA","2","3.01132073647e-05","MLS"
"459",1388,"MARA","13","0.000624196995177","multidrug"
"460",1388,"RPOB2","22","0.000115451238218","multidrug"
"461",1388,"EMRR","1","3.46472982463e-05","fluoroquinolone"
"462",1388,"UGD","1","1.57163002354e-05","peptide"
"463",1388,"DNA-BINDING_PROTEIN_H-NS","15","0.000667655966205","unclassified"
"464",1388,"ACRB","30","0.000175564044856","multidrug"
"465",1388,"EVGS","2","1.01886791835e-05","multidrug"
"466",1388,"ACRD","1","5.88035148635e-06","aminoglycoside"
"467",1388,"EMRB","1","1.19100087722e-05","multidrug"
"468",1388,"EMRE","1","4.87833959307e-05","multidrug"
"469",1393,"AMPC","1","0.000446487310968","beta-lactam"
"470",1393,"OMPF","1","0.000484648619598","multidrug"
"471",1393,"DFRA12","2","0.00206195958156","diaminopyrimidine"
"472",1393,"AMRB","3","0.000488358848264","multidrug"
"473",1397,"PORIN_OMPC","2","4.11656567402e-05","beta-lactam"
"474",1397,"TETW","2","2.36428732765e-05","tetracycline"
"475",1397,"OMPR","4","0.000132524526523","multidrug"
"476",1397,"LNUC","1","4.60603537307e-05","MLS"
"477",1397,"RPOB2","10","6.50077281569e-05","multidrug"
"478",1397,"CPXA","1","1.65293173125e-05","aminoglycoside:aminocoumarin"
"479",1397,"ROSA","1","1.84241414923e-05","fosmidomycin"
"480",1397,"DNA-BINDING_PROTEIN_H-NS","2","0.000110275883384","unclassified"
"481",1397,"TETQ","10","0.000114975616618","tetracycline"
"482",1397,"ACRB","7","5.07459559336e-05","multidrug"
"483",1397,"MCR-1","1","1.39628429054e-05","peptide"
"484",1397,"ARNA","1","1.14107220722e-05","polymyxin"
"485",1397,"ACRA","1","1.89320752176e-05","multidrug"
"486",1397,"SUL2","1","2.78741624053e-05","sulfonamide"
"487",1397,"TOLC","3","4.57812000717e-05","multidrug"
"488",1397,"UGD","1","1.94688093088e-05","peptide"
"489",1397,"EMRD","1","1.91723299793e-05","multidrug"
"490",1397,"YOJI","1","1.38096855792e-05","peptide"
"491",1414,"PBP-1B","1","5.45066991474e-05","beta-lactam"
"492",1414,"TEM","1","0.000159252669039","beta-lactam"
"493",1414,"RPOB2","3","0.000115533562823","multidrug"
"494",1414,"DNA-BINDING_PROTEIN_H-NS","1","0.000326642335766","unclassified"
"495",1414,"MDTG","1","0.00011131840796","multidrug"
"496",1414,"TETA","1","0.000106547619048","tetracycline"
"497",1419,"MOX","1","4.35378901715e-05","beta-lactam"
"498",1419,"TETQ","1","2.53805356707e-05","tetracycline"
"499",1419,"ERMB","2","0.000136122546414","MLS"
"500",1419,"CAMP-REGULATORY_PROTEIN","1","0.000102300686722","unclassified"
"501",1419,"CFXA2","5","0.000259735388406","beta-lactam"
"502",1419,"RPOB2","28","0.000401807516522","multidrug"
"503",1419,"ESCHERICHIA_COLI_MIPA","1","6.72379513535e-05","multidrug"
"504",1419,"OXA","1","6.04167099119e-05","beta-lactam"
"505",1419,"SDIA","1","6.94792163986e-05","unclassified"
"506",1424,"ERMB","1","1.77756427145e-05","MLS"
"507",1424,"RPOB2","10","3.74787647596e-05","multidrug"
"508",1424,"TETM","1","6.81538726927e-06","tetracycline"
"509",1424,"TET37","13","0.000524216870795","tetracycline"
"510",1425,"APH(3'')-I","4","0.000135655955277","aminoglycoside"
"511",1425,"LNUC","1","5.62475912126e-05","MLS"
"512",1425,"BACA","1","3.37897617541e-05","bacitracin"
"513",1425,"CAMP-REGULATORY_PROTEIN","2","0.000113185336919","unclassified"
"514",1425,"MGRB","1","0.000196268190614","multidrug"
"515",1425,"GOLS","1","5.99000322005e-05","multidrug"
"516",1425,"OMPF","10","0.000262809258087","multidrug"
"517",1425,"BPEF","1","8.69425538065e-06","multidrug"
"518",1425,"ESCHERICHIA_COLI_MIPA","2","7.43919754748e-05","multidrug"
"519",1425,"YOJI","1","1.68639944403e-05","peptide"
"520",1425,"DFRA5","1","4.33080045017e-05","diaminopyrimidine"
"521",1425,"SERRATIA_MARCESCENS_OMP1","1","2.46647191414e-05","multidrug"
"522",1425,"TETQ","2","2.80809892203e-05","tetracycline"
"523",1425,"SUL2","1","3.40391326896e-05","sulfonamide"
"524",1425,"UGD","1","2.37747550486e-05","peptide"
"525",1425,"PORIN_OMPC","8","0.000201081307005","beta-lactam"
"526",1425,"ACRA","1","2.31193106739e-05","multidrug"
"527",1425,"MEXI","1","8.96463066946e-06","multidrug"
"528",1425,"TETA","1","2.19633451402e-05","tetracycline"
"529",1425,"MSBA","2","3.16996733982e-05","nitroimidazole"
"530",1425,"KDPE","1","4.09982442616e-05","aminoglycoside"
"531",1425,"KASUGAMYCIN_RESISTANCE_PROTEIN_KSGA","2","6.75795235082e-05","aminoglycoside"
"532",1425,"TOLC","5","9.31778278674e-05","multidrug"
"533",1425,"BAER","1","3.84358539953e-05","multidrug"
"534",1425,"RPOB2","14","0.000111139818782","multidrug"
"535",1425,"PMRF","1","2.86478414872e-05","peptide"
"536",1425,"DNA-BINDING_PROTEIN_H-NS","14","0.00094266036076","unclassified"
"537",1425,"ACRB","2","1.77055757368e-05","multidrug"
"538",1425,"ARNA","1","1.39344485784e-05","polymyxin"
"539",1425,"EVGS","4","3.08257475651e-05","multidrug"
"540",1425,"KLEBSIELLA_PNEUMONIAE_OMPK36","1","2.51351633757e-05","beta-lactam"
"541",1425,"EMRA","1","2.36528332279e-05","multidrug"
"542",1425,"EMRB","1","1.80168065603e-05","multidrug"
"543",1425,"BACTERIAL_REGULATORY_PROTEIN_LUXR","2","9.04373035183e-05","unclassified"
"544",1448,"RPOB2","2","7.84341906468e-05","multidrug"
"545",1448,"TETM","1","7.13149683346e-05","tetracycline"
"546",1448,"ERMF","2","0.000342633569668","MLS"
"547",1448,"MEFA","1","0.000112519172261","MLS"
"548",1448,"BACA","2","0.000333848093522","bacitracin"
"549",1456,"TETQ","26","0.000210388854965","tetracycline"
"550",1456,"OMPR","2","4.66347765559e-05","multidrug"
"551",1456,"ERMF","1","1.99863328097e-05","MLS"
"552",1456,"AADE","1","2.2431917837e-05","aminoglycoside"
"553",1456,"ERMB","2","4.3398894101e-05","MLS"
"554",1456,"CFXA6","1","1.60615242519e-05","beta-lactam"
"555",1456,"CFXA3","10","0.000165618832628","beta-lactam"
"556",1456,"CFXA2","10","0.000165618832628","beta-lactam"
"557",1456,"DNA-BINDING_PROTEIN_H-NS","1","3.88055804918e-05","unclassified"
"558",1456,"OXA","1","1.92621903166e-05","beta-lactam"
"559",1456,"RPOB2","34","0.000155556277049","multidrug"
"560",1456,"TETM","1","8.31981929167e-06","tetracycline"
"561",1456,"TETW","3","2.4959457875e-05","tetracycline"
"562",1456,"TET32","1","8.31981929167e-06","tetracycline"
"563",1456,"TET37","1","4.92255974757e-05","tetracycline"
"564",1456,"UGD","1","1.37019704314e-05","peptide"
"565",1456,"EFRB","1","1.46860898546e-05","multidrug"
"566",1457,"TETW","21","0.000124722145152","tetracycline"
"567",1457,"APH(3''')-III","1","1.43754420549e-05","aminoglycoside"
"568",1457,"MAJOR_FACILITATOR_SUPERFAMILY_TRANSPORTER","1","9.75608406809e-06","multidrug"
"569",1457,"BACA","2","2.78030527655e-05","bacitracin"
"570",1457,"MDFA","6","5.55382932072e-05","multidrug"
"571",1457,"ERMF","1","1.42673560244e-05","MLS"
"572",1457,"ERMG","1","1.55537569774e-05","MLS"
"573",1457,"MGRB","1","8.07471638827e-05","multidrug"
"574",1457,"OMPF","11","0.000118935281275","multidrug"
"575",1457,"TET40","1","9.34757808495e-06","tetracycline"
"576",1457,"ESCHERICHIA_COLI_MIPA","2","3.06057798588e-05","multidrug"
"577",1457,"MSBA","5","3.26040953822e-05","nitroimidazole"
"578",1457,"OMPR","2","3.32904973903e-05","multidrug"
"579",1457,"TETQ","26","0.000150187266765","tetracycline"
"580",1457,"CFXA6","8","9.17248749846e-05","beta-lactam"
"581",1457,"CFXA3","1","1.18227934657e-05","beta-lactam"
"582",1457,"CFXA2","9","0.000106405141191","beta-lactam"
"583",1457,"SUL2","1","1.40041206734e-05","sulfonamide"
"584",1457,"UGD","2","1.95624572293e-05","peptide"
"585",1457,"PORIN_OMPC","38","0.000392954862928","beta-lactam"
"586",1457,"ACRA","10","9.51157068293e-05","multidrug"
"587",1457,"MDTG","1","9.44058881216e-06","multidrug"
"588",1457,"TETO","1","5.93914976915e-06","tetracycline"
"589",1457,"MDTK","1","8.00657532171e-06","multidrug"
"590",1457,"TETM","2","1.18782995383e-05","tetracycline"
"591",1457,"YOJI","1","6.93805612886e-06","peptide"
"592",1457,"CPXA","1","8.30441291573e-06","aminoglycoside:aminocoumarin"
"593",1457,"MDTL","2","1.94123616496e-05","multidrug"
"594",1457,"CAT_CHLORAMPHENICOL_ACETYLTRANSFERASE","1","1.7651705593e-05","phenicol"
"595",1457,"AADE","1","1.60131506434e-05","aminoglycoside"
"596",1457,"BICYCLOMYCIN-MULTIDRUG_EFFLUX_PROTEIN_BCR","1","9.58362803659e-06","multidrug"
"597",1457,"SMEE","2","7.29830135094e-06","multidrug"
"598",1457,"KASUGAMYCIN_RESISTANCE_PROTEIN_KSGA","4","5.5606105531e-05","aminoglycoside"
"599",1457,"CAMP-REGULATORY_PROTEIN","3","6.98487736654e-05","unclassified"
"600",1457,"TOLC","1","7.66690242927e-06","multidrug"
"601",1457,"TET37","2","7.0279938935e-05","tetracycline"
"602",1457,"OMP36","1","1.01203112066e-05","multidrug"
"603",1457,"TET32","1","5.93914976915e-06","tetracycline"
"604",1457,"MARA","1","2.9882808681e-05","multidrug"
"605",1457,"EVGS","1","3.17052356098e-06","multidrug"
"606",1457,"RPOB2","77","0.000251483636912","multidrug"
"607",1457,"DNA-BINDING_PROTEIN_H-NS","27","0.00074794270779","unclassified"
"608",1457,"ACRB","13","4.73479051174e-05","multidrug"
"609",1457,"CATS","1","2.3140955503e-05","phenicol"
"610",1457,"ACRD","1","3.6597075241e-06","aminoglycoside"
"611",1457,"KLEBSIELLA_PNEUMONIAE_OMPK36","2","2.06818348909e-05","beta-lactam"
"612",1457,"EMRB","1","7.41233730955e-06","multidrug"
"613",1463,"PMRF","1","0.000135173403311","peptide"
"614",1463,"OMPR","1","0.000190902788887","multidrug"
"615",1463,"BACA","1","0.000159435296213","bacitracin"
"616",1463,"RPOB2","3","0.000112373070223","multidrug"
"617",1463,"CFXA2","1","0.000135594504256","beta-lactam"
"618",1463,"KASUGAMYCIN_RESISTANCE_PROTEIN_KSGA","1","0.000159435296213","aminoglycoside"
"619",1463,"OPME","1","8.86473235565e-05","multidrug"
"620",1463,"ACRB","1","4.17714355722e-05","multidrug"
"621",1463,"OMPF","3","0.000372015691165","multidrug"
"622",1463,"EVGS","1","3.63624359785e-05","multidrug"
"623",1463,"DNA-BINDING_PROTEIN_H-NS","1","0.000317706831141","unclassified"
"624",1463,"TETA","1","0.000103632942539","tetracycline"
"625",1463,"YOJI","1","7.95719120041e-05","peptide"
"626",1463,"MSBA","2","0.000149573319128","nitroimidazole"
"627",1464,"CLASS_B","1","4.1124716187e-06","beta-lactam"
"628",1464,"METALLO-BETA-LACTAMASE","1","4.1124716187e-06","beta-lactam"
"629",1464,"CATD","42","0.000236273133565","phenicol"
"630",1464,"MULTIDRUG_ABC_TRANSPORTER","1","2.06335081215e-06","multidrug"
"631",1464,"BACA","2","8.73711918992e-06","bacitracin"
"632",1464,"RPOB2","56","5.74755069602e-05","multidrug"
"633",1464,"LSAC","2","4.84803564807e-06","MLS"
"634",1464,"CFXA2","6","2.22919022322e-05","beta-lactam"
"635",1464,"TETW","1","1.86637992085e-06","tetracycline"
"636",1464,"OXA","7","3.02475267608e-05","beta-lactam"
"637",1464,"ACRB","2","2.28909168795e-06","multidrug"
"638",1464,"TETQ","2","3.63049244878e-06","tetracycline"
"639",1464,"CATS","4","2.90882138884e-05","phenicol"
"640",1464,"TETM","11","2.05301791294e-05","tetracycline"
"641",1464,"MACB","3","5.55566818055e-06","MLS"
"642",1464,"TET32","25","4.66594980213e-05","tetracycline"
"643",1464,"TET37","16","0.000176683965841","tetracycline"
"644",1464,"UGD","5","1.53687728019e-05","peptide"
"645",1464,"YOJI","1","2.18028659858e-06","peptide"
"646",1464,"CMEB","5","5.73373446839e-06","multidrug"
"647",1464,"MSBA","1","2.04916970691e-06","nitroimidazole"
"648",1465,"ESCHERICHIA_COLI_LAMB","1","0.000425379217255","multidrug"
"649",1465,"RPOB2","1","0.000163269475814","multidrug"
"650",1477,"TET37","4","0.00013507218014","tetracycline"
"651",1477,"CLASS_C","16","0.000149618414924","beta-lactam"
"652",1477,"CLASS_A","1","1.21564962126e-05","beta-lactam"
"653",1477,"TETA","2","1.73664231608e-05","tetracycline"
"654",1477,"AADE","2","3.07759397786e-05","aminoglycoside"
"655",1477,"ERMB","1","1.48855055664e-05","MLS"
"656",1477,"METALLO-BETA-LACTAMASE","1","1.25756857371e-05","beta-lactam"
"657",1477,"ERMF","3","4.11310022229e-05","MLS"
"658",1477,"CFXA2","1","1.13612114136e-05","beta-lactam"
"659",1477,"SUL2","5","6.72868794053e-05","sulfonamide"
"660",1477,"OXA","8","0.000105708662718","beta-lactam"
"661",1477,"RPOB2","26","8.16012654543e-05","multidrug"
"662",1477,"ARNA","1","5.50898619904e-06","polymyxin"
"663",1477,"MACB","2","1.13259281483e-05","MLS"
"664",1477,"AQU-1","2","1.9194467704e-05","beta-lactam"
"665",1477,"MEXD","1","3.49659526727e-06","multidrug"
"666",1477,"CMEB","14","4.90935423969e-05","multidrug"
"667",1477,"TETQ","7","3.88563805881e-05","tetracycline"
"668",1489,"CLASS_A","1","7.41626918157e-05","beta-lactam"
"669",1489,"CAT_CHLORAMPHENICOL_ACETYLTRANSFERASE","1","0.000103482825789","phenicol"
"670",1489,"AADE","1","9.38768250832e-05","aminoglycoside"
"671",1489,"RPOB2","7","0.000134028961113","multidrug"
"672",1489,"APH(6)-I","1","8.36421336267e-05","aminoglycoside"
"673",1489,"ERMF","1","8.36421336267e-05","MLS"
"674",1489,"TETQ","28","0.00094819879947","tetracycline"
"675",1489,"CMEB","3","6.41792525328e-05","multidrug"
"676",1504,"APH(3'')-I","1","0.000442598224662","aminoglycoside"
"677",1504,"TETQ","4","0.000732948049364","tetracycline"
"678",1504,"ERMF","1","0.000452581643263","MLS"
"679",1504,"SUL2","6","0.00266538857066","sulfonamide"
"680",1504,"APH(3')-I","25","0.0111057857111","aminoglycoside"
"681",1504,"OXA","1","0.000436183757638","beta-lactam"
"682",1528,"MEXD","1","0.000320037903931","multidrug"
"683",1528,"EPTA","1","0.000610236807677","peptide"
"684",1528,"BACA","1","0.00122270891502","bacitracin"
"685",1533,"RPOB2","6","5.8740123616e-05","multidrug"
"686",1533,"MACB","1","1.76646023918e-05","MLS"
"687",1533,"TETW","1","1.78028230677e-05","tetracycline"
"688",1538,"PORIN_OMPC","3","0.000211519887079","beta-lactam"
"689",1538,"TETW","1","4.04944176098e-05","tetracycline"
"690",1538,"TETQ","2","7.87699630218e-05","tetracycline"
"691",1538,"MARA","1","0.000203747502777","multidrug"
"692",1538,"EVGS","1","2.16173206789e-05","multidrug"
"693",1538,"MDFA","1","6.3112031348e-05","multidrug"
"694",1538,"CFXA2","2","0.000161220765437","beta-lactam"
"695",1538,"KASUGAMYCIN_RESISTANCE_PROTEIN_KSGA","2","0.000189567273646","aminoglycoside"
"696",1538,"RPOB2","6","0.000133610668775","multidrug"
"697",1538,"ACRB","1","2.48329489949e-05","multidrug"
"698",1538,"MDTB","1","2.4880704666e-05","multidrug"
"699",1538,"OMPF","1","7.37206064179e-05","multidrug"
"700",1538,"ACRA","2","0.000129703924074","multidrug"
"701",1538,"DNA-BINDING_PROTEIN_H-NS","4","0.000755501689129","unclassified"
"702",1538,"MDTK","1","5.45905756386e-05","multidrug"
"703",1538,"OXA","1","9.3753379901e-05","beta-lactam"
"704",1538,"MEFA","1","6.38911922288e-05","MLS"
"705",1539,"CTX-M","1","0.00169864073155","beta-lactam"
"706",1539,"APH(6)-I","1","0.00185828741685","aminoglycoside"
"707",1539,"DNA-BINDING_PROTEIN_H-NS","1","0.00360806169987","unclassified"
"708",1543,"TETB(60)","1","1.6117075517e-05","tetracycline"
"709",1543,"CCRA","2","7.49541102358e-05","beta-lactam"
"710",1543,"METALLO-BETA-LACTAMASE","6","0.00019307144947","beta-lactam"
"711",1543,"CATD","1","4.40178619074e-05","phenicol"
"712",1543,"BACA","2","6.83647379074e-05","bacitracin"
"713",1543,"RPHB","1","1.05563198239e-05","rifamycin"
"714",1543,"AADE","1","3.93746275289e-05","aminoglycoside"
"715",1543,"ERMF","1","3.50819049788e-05","MLS"
"716",1543,"AMRB","1","8.92993944915e-06","multidrug"
"717",1543,"TETQ","1","1.42036327616e-05","tetracycline"
"718",1543,"PORIN_OMPC","1","2.5427211783e-05","beta-lactam"
"719",1543,"RPOB2","17","0.00013652355793","multidrug"
"720",1543,"TETM","8","0.000116829880743","tetracycline"
"721",1543,"SUL2","2","6.88692747185e-05","sulfonamide"
"722",1543,"TETO","3","4.38112052787e-05","tetracycline"
"723",1543,"APH(3')-I","1","3.44346373593e-05","aminoglycoside"
"724",1543,"APH(4)-I","1","2.81077913384e-05","aminoglycoside"
"725",1549,"RPOB2","5","0.000119271224831","multidrug"
"726",1549,"CFXA2","4","0.000345403522127","beta-lactam"
"727",1549,"TETQ","3","0.000126569098862","tetracycline"
"728",1549,"APH(3''')-III","1","0.000104994820647","aminoglycoside"
"729",1549,"BACA","2","0.000203066905866","bacitracin"
"730",1556,"RPOB2","3","0.000222581216757","multidrug"
"731",1556,"ERMF","1","0.000324109491067","MLS"
"732",1556,"AADE","1","0.000363768458328","aminoglycoside"
"733",1563,"TRUNCATED_PUTATIVE_RESPONSE_REGULATOR_ARLR","1","0.00174554532445","unclassified"
"734",1563,"MACB","1","0.000593593829277","MLS"
"735",1563,"TEM","1","0.00136040721016","beta-lactam"
"736",1586,"VANS","1","3.32697699509e-05","glycopeptide"
"737",1586,"BACA","1","5.44746782713e-05","bacitracin"
"738",1586,"RPOB2","12","0.00015357921344","multidrug"
"739",1586,"CFXA6","1","4.49292663688e-05","beta-lactam"
"740",1586,"TETW","7","0.000162912535487","tetracycline"
"741",1586,"UGD","1","3.83288329074e-05","peptide"
"742",1586,"TETQ","7","0.000158449178351","tetracycline"
"743",1586,"DNA-BINDING_PROTEIN_H-NS","1","0.000108551731154","unclassified"
"744",1592,"PBP-1A","1","1.37476881419e-05","beta-lactam"
"745",1592,"APH(3'')-I","1","3.63403962281e-05","aminoglycoside"
"746",1592,"RLMA(II)","1","3.50517296952e-05","MLS"
"747",1592,"ERMB","2","8.06905124411e-05","MLS"
"748",1592,"CFXA3","1","3.07931083303e-05","beta-lactam"
"749",1592,"APH(6)-I","1","3.71601044137e-05","aminoglycoside"
"750",1592,"METALLO-BETA-LACTAMASE","4","0.000136339141711","beta-lactam"
"751",1592,"ERMF","3","0.000111480313241","MLS"
"752",1592,"SMEB","1","9.42286727744e-06","multidrug"
"753",1592,"SUL2","3","0.000109423480893","sulfonamide"
"754",1592,"TETQ","6","9.02702079821e-05","tetracycline"
"755",1592,"MDTC","1","9.64350026735e-06","multidrug"
"756",1592,"RPOB2","7","5.95457094821e-05","multidrug"
"757",1592,"FLOR","1","2.44668014209e-05","phenicol"
"758",1602,"RPOB2","6","9.57134094553e-05","multidrug"
"759",1602,"TETQ","1","2.82138462169e-05","tetracycline"
"760",1602,"CATD","1","8.74363064364e-05","phenicol"
"761",1602,"TRANSCRIPTIONAL_REGULATORY_PROTEIN_CPXR_CPXR","1","7.98986938126e-05","unclassified"
"762",1602,"TETW","1","2.90086024484e-05","tetracycline"
"763",1603,"CLASS_A","2","1.05537124637e-05","beta-lactam"
"764",1603,"AADE","1","6.67956485042e-06","aminoglycoside"
"765",1603,"RPOB2","36","4.90447911392e-05","multidrug"
"766",1603,"SMEE","5","7.61085033437e-06","multidrug"
"767",1603,"CAMP-REGULATORY_PROTEIN","1","9.71200533466e-06","unclassified"
"768",1603,"AMRB","1","1.51488695651e-06","multidrug"
"769",1603,"UGD","1","4.08004347822e-06","peptide"
"770",1603,"ACRB","1","1.51924843527e-06","multidrug"
"771",1603,"TETQ","3","7.22857018059e-06","tetracycline"
"772",1603,"OMPF","1","4.51013353148e-06","multidrug"
"773",1603,"ACRA","1","3.96756107656e-06","multidrug"
"774",1603,"KASUGAMYCIN_RESISTANCE_PROTEIN_KSGA","3","1.73962293357e-05","aminoglycoside"
"775",1603,"MEXI","1","1.5384420501e-06","multidrug"
"776",1603,"TET37","1","1.46579339773e-05","tetracycline"
"777",1603,"OXA","12","6.88285595456e-05","beta-lactam"
"778",1607,"RPOB2","7","0.00028291046911","multidrug"
"779",1607,"TOLC","1","9.48750260045e-05","multidrug"
"780",1607,"APH(6)-I","1","0.000176553149896","aminoglycoside"
"781",1607,"TETW","1","7.34947384542e-05","tetracycline"
"782",1607,"KASUGAMYCIN_RESISTANCE_PROTEIN_KSGA","1","0.000172026146052","aminoglycoside"
"783",1610,"PORIN_OMPC","1","2.05511729876e-05","beta-lactam"
"784",1610,"TETL","2","3.29357226483e-05","tetracycline"
"785",1610,"OMPR","1","3.30801775722e-05","multidrug"
"786",1610,"BACA","1","2.76274010493e-05","bacitracin"
"787",1610,"RPOB2","4","2.59630997813e-05","multidrug"
"788",1610,"TETX","2","3.9079173505e-05","tetracycline"
"789",1610,"METALLO-BETA-LACTAMASE","1","2.60078637464e-05","beta-lactam"
"790",1610,"PMRF","1","2.34232313244e-05","peptide"
"791",1610,"KASUGAMYCIN_RESISTANCE_PROTEIN_KSGA","1","2.76274010493e-05","aminoglycoside"
"792",1610,"UGD","1","1.94388672331e-05","peptide"
"793",1610,"ACRB","3","2.17148190589e-05","multidrug"
"794",1610,"TETQ","13","0.000149238426673","tetracycline"
"795",1610,"OMPF","16","0.000343807657502","multidrug"
"796",1610,"TRANSCRIPTIONAL_REGULATORY_PROTEIN_CPXR_CPXR","1","3.2509829683e-05","unclassified"
"797",1610,"DNA-BINDING_PROTEIN_H-NS","10","0.000550531422369","unclassified"
"798",1610,"TOLC","1","1.52369302757e-05","multidrug"
"799",1610,"ESCHERICHIA_COLI_MIPA","1","3.04124213164e-05","multidrug"
"800",1610,"OXA","1","2.73271032118e-05","beta-lactam"
"801",1610,"MDTL","1","1.92897199142e-05","multidrug"
"802",1614,"MDTC","1","4.0405630773e-06","multidrug"
"803",1614,"TETW","17","0.00011018280379","tetracycline"
"804",1614,"MEFA","1","1.02261164302e-05","MLS"
"805",1614,"VANR","1","1.80854897565e-05","glycopeptide"
"806",1614,"PORIN_OMPC","3","3.38548541218e-05","beta-lactam"
"807",1614,"RPOB2","60","0.000213850799702","multidrug"
"808",1614,"DNA-BINDING_PROTEIN_H-NS","1","3.02304901768e-05","unclassified"
"809",1614,"ACRB","1","3.97464218256e-06","multidrug"
"810",1614,"TETQ","4","2.52150816087e-05","tetracycline"
"811",1614,"OMPF","1","1.17993651118e-05","multidrug"
"812",1614,"ACRA","1","1.03798926171e-05","multidrug"
"813",1614,"TRANSCRIPTIONAL_REGULATORY_PROTEIN_CPXR_CPXR","2","3.57032513295e-05","unclassified"
"814",1614,"MACB","1","6.43102042582e-06","MLS"
"815",1614,"MDTK","1","8.73750454478e-06","multidrug"
"816",1614,"PGPB","7","0.000122843390168","peptide"
"817",1614,"CPXA","1","9.06253206614e-06","aminoglycoside:aminocoumarin"
"818",1614,"MSBA","2","1.42322238977e-05","nitroimidazole"
"819",1627,"CTX-M","15","0.000165758912829","beta-lactam"
"820",1627,"ERMF","2","2.4178367736e-05","MLS"
"821",1627,"OMPF","7","6.41312261031e-05","multidrug"
"822",1627,"DNA-BINDING_TRANSCRIPTIONAL_REGULATOR_GADX","1","1.17362149959e-05","unclassified"
"823",1627,"ESCHERICHIA_COLI_MIPA","1","1.29666246326e-05","multidrug"
"824",1627,"TETQ","5","2.44727770843e-05","tetracycline"
"825",1627,"TETW","1","5.03243021734e-06","tetracycline"
"826",1627,"UGD","1","8.28794564145e-06","peptide"
"827",1627,"PORIN_OMPC","2","1.75243755252e-05","beta-lactam"
"828",1627,"ERMB","7","9.18777973966e-05","MLS"
"829",1627,"ACRA","1","8.05945591198e-06","multidrug"
"830",1627,"MEXF","1","3.02798767315e-06","multidrug"
"831",1627,"CPXA","1","7.03659279843e-06","aminoglycoside:aminocoumarin"
"832",1627,"MPHA","17","0.000181618901831","MLS"
"833",1627,"VANR","1","1.40424581174e-05","glycopeptide"
"834",1627,"MRX","1","7.80515269146e-06","MLS"
"835",1627,"AADE","4","5.42738043693e-05","aminoglycoside"
"836",1627,"BICYCLOMYCIN-MULTIDRUG_EFFLUX_PROTEIN_BCR","4","3.24820495847e-05","multidrug"
"837",1627,"MACB","1","4.99335855416e-06","MLS"
"838",1627,"MARA","2","5.06413056517e-05","multidrug"
"839",1627,"EVGS","3","8.05945591198e-06","multidrug"
"840",1627,"RPOB2","27","7.47198954732e-05","multidrug"
"841",1627,"EMRR","1","1.82711528914e-05","fluoroquinolone"
"842",1627,"DNA-BINDING_PROTEIN_H-NS","14","0.000328614019886","unclassified"
"843",1627,"ACRB","2","6.17221287693e-06","multidrug"
"844",1627,"ARNA","1","4.85758747565e-06","polymyxin"
"845",1627,"EREA","6","4.72900427777e-05","MLS"
"846",1627,"ACRD","1","3.10098641165e-06","aminoglycoside"
"847",1627,"BACTERIAL_REGULATORY_PROTEIN_LUXR","2","3.15266951851e-05","unclassified"
"848",1630,"AADA","1","8.54311187145e-05","aminoglycoside"
"849",1630,"BJP-1","1","7.64230755848e-05","beta-lactam"
"850",1630,"RPOB2","1","1.93359588829e-05","multidrug"
"851",1630,"TET40","1","5.53408478372e-05","tetracycline"
"852",1630,"MDTB","1","2.1604215598e-05","multidrug"
"853",1630,"MEXF","1","2.11566706421e-05","multidrug"
"854",1631,"APH(3'')-I","1","0.000170252106275","aminoglycoside"
"855",1631,"RPOB2","4","0.000159409889525","multidrug"
"856",1631,"ERMF","4","0.000696369517397","MLS"
"857",1631,"OMPF","2","0.00026386651229","multidrug"
"858",1631,"SUL2","1","0.00017088034283","sulfonamide"
"859",1631,"ARNA","1","6.99525270497e-05","polymyxin"
"860",1631,"ACRA","2","0.000232123172466","multidrug"
"861",1632,"PBP-1B","1","4.23836505897e-05","beta-lactam"
"862",1632,"RPOB2","10","0.000299457634545","multidrug"
"863",1632,"OXA","1","0.000126076004109","beta-lactam"
"864",1632,"TETQ","7","0.000370744048613","tetracycline"
"865",1634,"TETW","1","2.92147046585e-05","tetracycline"
"866",1634,"AADE","1","7.87687606616e-05","aminoglycoside"
"867",1634,"AAC(3)-IV","6","0.000429153937397","aminoglycoside"
"868",1634,"LSAE","1","3.77898710056e-05","MLS"
"869",1634,"SUL2","1","6.88863331247e-05","sulfonamide"
"870",1634,"TETQ","9","0.00025572871612","tetracycline"
"871",1634,"ERMB","1","7.61967194971e-05","MLS"
"872",1634,"RPOB2","20","0.000321311467759","multidrug"
"873",1634,"SAT-4","1","0.000103712201538","nucleoside"
"874",1634,"TET40","1","4.59807790069e-05","tetracycline"
"875",1634,"APH(4)-I","1","5.62295068578e-05","aminoglycoside"
"876",1639,"SERRATIA_MARCESCENS_OMP1","2","0.000151064349615","multidrug"
"877",1639,"SUL2","1","0.000104239975565","sulfonamide"
"878",1639,"CTX-M","1","9.70757160758e-05","beta-lactam"
"879",1639,"AMPC","1","7.41444445618e-05","beta-lactam"
"880",1639,"CFXA2","1","8.80032192463e-05","beta-lactam"
"881",1639,"DHA","3","0.000223607124364","beta-lactam"
"882",1639,"ACRB","1","2.7110396716e-05","multidrug"
"883",1639,"RPOB2","2","4.86213999622e-05","multidrug"
"884",1639,"OMPF","2","0.000160963153151","multidrug"
"885",1639,"KASUGAMYCIN_RESISTANCE_PROTEIN_KSGA","2","0.00020695262548","aminoglycoside"
"886",1639,"EMRA","1","7.24334189181e-05","multidrug"
"887",1643,"OPRC","1","1.17993096942e-05","multidrug"
"888",1643,"APH(2'')-IV","1","6.17797743459e-05","aminoglycoside"
"889",1643,"CFXA2","1","5.79305672216e-05","beta-lactam"
"890",1643,"ROSB","1","3.4246246921e-05","fosmidomycin"
"891",1643,"TETQ","8","0.000226431806126","tetracycline"
"892",1643,"ACRB","1","1.78461728197e-05","multidrug"
"893",1643,"RPOB2","6","9.60191673569e-05","multidrug"
"894",1643,"SUL2","5","0.000343094318785","sulfonamide"
"895",1643,"MEL","1","3.81842137128e-05","MLS"
"896",1643,"TETA","2","8.85510098958e-05","tetracycline"
"897",1643,"MEXE","1","4.68405845797e-05","multidrug"
"898",1646,"CAMP-REGULATORY_PROTEIN","2","0.000270203948317","unclassified"
"899",1646,"OMPF","8","0.000501917305707","multidrug"
"900",1646,"VANR","1","9.61642872833e-05","glycopeptide"
"901",1646,"DNA-BINDING_PROTEIN_H-NS","4","0.0006429670595","unclassified"
"902",1646,"ESCHERICHIA_COLI_MIPA","2","0.000177593724096","multidrug"
"903",1646,"ESCHERICHIA_COLI_LAMB","2","9.87516672102e-05","multidrug"
"904",1646,"TEM","3","0.000235106282433","beta-lactam"
"905",1646,"TETQ","1","3.35184502099e-05","tetracycline"
"906",1646,"SUL1","2","0.000155629835957","sulfonamide"
"907",1646,"TETW","1","3.44626319059e-05","tetracycline"
"908",1646,"MDTK","1","4.64591176959e-05","multidrug"
"909",1646,"MDTL","1","5.63212833449e-05","multidrug"
"910",1646,"AADA","10","0.000837324022353","aminoglycoside"
"911",1646,"EMRY","1","4.30109800544e-05","tetracycline"
"912",1646,"BICYCLOMYCIN-MULTIDRUG_EFFLUX_PROTEIN_BCR","1","5.561015603e-05","multidrug"
"913",1646,"TETA","1","5.24324328283e-05","tetracycline"
"914",1646,"MACB","1","3.4195064888e-05","MLS"
"915",1646,"EFRB","1","6.08332093588e-05","multidrug"
"916",1646,"CATA","2","0.000201110701259","phenicol"
"917",1646,"RPOB2","8","0.000151611853961","multidrug"
"918",1646,"PMRF","1","6.8390129776e-05","peptide"
"919",1646,"ROSB","1","4.05554729058e-05","fosmidomycin"
"920",1646,"ACRB","2","4.22679880765e-05","multidrug"
"921",1646,"EVGS","1","1.8397344852e-05","multidrug"
"922",1646,"TRANSCRIPTIONAL_REGULATORY_PROTEIN_CPXR_CPXR","1","9.49207835684e-05","unclassified"
"923",1646,"EMRE","1","0.000176172974303","multidrug"
"924",1646,"TOLC","3","0.000133464374472","multidrug"
"925",1647,"VANS","2","4.94734557722e-05","glycopeptide"
"926",1647,"CLASS_A","1","3.68577245503e-05","beta-lactam"
"927",1647,"TETB(46)","1","1.913030686e-05","tetracycline"
"928",1647,"APH(3''')-III","1","4.1883777898e-05","aminoglycoside"
"929",1647,"MDFA","1","2.69690667441e-05","multidrug"
"930",1647,"SUL2","1","4.08019090963e-05","sulfonamide"
"931",1647,"TETQ","3","5.04900336305e-05","tetracycline"
"932",1647,"RPOB2","12","0.000114189163839","multidrug"
"933",1647,"ACRA","1","2.77125748498e-05","multidrug"
"934",1647,"TETM","1","1.7304096033e-05","tetracycline"
"935",1647,"OMP36","1","2.94861796402e-05","multidrug"
"936",1647,"TET32","2","3.4608192066e-05","tetracycline"
"937",1647,"TEM","1","3.93498838615e-05","beta-lactam"
"938",1649,"ESCHERICHIA_COLI_LAMB","2","0.00038186992529","multidrug"
"939",1649,"TETQ","1","0.000129614906149","tetracycline"
"940",1649,"CFXA2","1","0.000265286583613","beta-lactam"
"941",1649,"MEXQ","1","8.08708388791e-05","multidrug"
"942",1649,"ACRB","1","8.17245617463e-05","multidrug"
"943",1649,"TETA","1","0.000202754746047","tetracycline"
"944",1657,"CLASS_C","3","0.000199698778379","beta-lactam"
"945",1657,"MVAT","1","0.000209361622494","multidrug"
"946",1657,"MEXY","2","4.96858204579e-05","multidrug"
"947",1657,"RPOB2","3","6.70245469602e-05","multidrug"
"948",1657,"BACA","1","9.50946563709e-05","bacitracin"
"949",1657,"CFXA2","1","8.08748946706e-05","beta-lactam"
"950",1657,"MUXC","1","2.50587270167e-05","multidrug"
"951",1657,"ARNA","1","3.92157721892e-05","polymyxin"
"952",1657,"TETM","5","0.000203136472529","tetracycline"
"953",1657,"MSBA","1","4.46062563389e-05","nitroimidazole"
"954",1657,"MEXA","1","6.77828751678e-05","multidrug"
"955",1658,"RPOB2","1","0.000100134720358","multidrug"
"956",1658,"TET37","1","0.00107737541718","tetracycline"
"957",1658,"MEXB","1","0.000111239526822","multidrug"
"958",1658,"CAT_CHLORAMPHENICOL_ACETYLTRANSFERASE","1","0.000541193232817","phenicol"
"959",1662,"TETQ","9","9.33524879774e-05","tetracycline"
"960",1662,"BACA","2","4.99247737901e-05","bacitracin"
"961",1662,"ERMB","2","5.56304622233e-05","MLS"
"962",1662,"ERMF","1","2.56192918134e-05","MLS"
"963",1662,"ROSA","1","1.66212966399e-05","fosmidomycin"
"964",1662,"TETW","3","3.19940451754e-05","tetracycline"
"965",1662,"CFXA2","6","0.000127378161165","beta-lactam"
"966",1662,"PORIN_OMPC","1","1.85687510146e-05","beta-lactam"
"967",1662,"RPOB2","33","0.000193533686349","multidrug"
"968",1662,"TETO","2","2.13293634502e-05","tetracycline"
"969",1664,"MEXK","1","0.000749502773998","multidrug"
"970",1664,"TEM","1","0.00273395139981","beta-lactam"
"971",1665,"RPOB2","4","0.000115270601762","multidrug"
"972",1665,"TOLC","1","6.76487066909e-05","multidrug"
"973",1665,"MUXB","1","3.21055702895e-05","multidrug"
"974",1665,"DNA-BINDING_PROTEIN_H-NS","1","0.000244424159212","unclassified"
"975",1672,"SAT-4","1","0.000185543661067","nucleoside"
"976",1672,"APH(3''')-III","1","0.000126507041636","aminoglycoside"
"977",1677,"APH(3'')-I","3","7.24185224194e-05","aminoglycoside"
"978",1677,"OMPR","2","5.75960178306e-05","multidrug"
"979",1677,"BACA","2","4.81021687377e-05","bacitracin"
"980",1677,"MDFA","2","3.20290050375e-05","multidrug"
"981",1677,"CAMP-REGULATORY_PROTEIN","3","0.000120845632504","unclassified"
"982",1677,"PATA","2","2.86097866348e-05","fluoroquinolone"
"983",1677,"COB(I)ALAMIN_ADENOLSYLTRANSFERASE","1","3.34997246566e-05","unclassified"
"984",1677,"OMPF","19","0.000355421580117","multidrug"
"985",1677,"ESCHERICHIA_COLI_MIPA","2","5.2951177683e-05","multidrug"
"986",1677,"MSBA","1","1.12816942142e-05","nitroimidazole"
"987",1677,"ESCHERICHIA_COLI_LAMB","1","1.47218520912e-05","multidrug"
"988",1677,"SERRATIA_MARCESCENS_OMP1","3","5.2668016305e-05","multidrug"
"989",1677,"TEM","4","9.34654239529e-05","beta-lactam"
"990",1677,"MEXX","1","1.65806717997e-05","multidrug"
"991",1677,"TETQ","4","3.99753183117e-05","tetracycline"
"992",1677,"CFXA2","1","2.0454660538e-05","beta-lactam"
"993",1677,"SUL2","7","0.000169600082025","sulfonamide"
"994",1677,"UGD","5","8.46127066069e-05","peptide"
"995",1677,"PORIN_OMPC","16","0.000286253777992","beta-lactam"
"996",1677,"MDTB","1","6.31340964682e-06","multidrug"
"997",1677,"EMRK","1","1.69662688183e-05","multidrug"
"998",1677,"MDTG","2","3.26663981726e-05","multidrug"
"999",1677,"MDTF","1","6.33167409131e-06","multidrug"
"1000",1677,"MDTE","1","1.70544052797e-05","multidrug"
"1001",1677,"MDTD","1","1.39404374367e-05","multidrug"
"1002",1677,"MDTK","1","1.385220682e-05","multidrug"
"1003",1677,"CPXA","3","4.31024903678e-05","aminoglycoside:aminocoumarin"
"1004",1677,"AADA","1","2.49655742688e-05","aminoglycoside"
"1005",1677,"TRIC","1","6.46891234748e-06","triclosan"
"1006",1677,"BICYCLOMYCIN-MULTIDRUG_EFFLUX_PROTEIN_BCR","1","1.65806717997e-05","multidrug"
"1007",1677,"APH(6)-I","1","2.46840076417e-05","aminoglycoside"
"1008",1677,"QNRS9","1","3.01190184986e-05","fluoroquinolone"
"1009",1677,"KASUGAMYCIN_RESISTANCE_PROTEIN_KSGA","3","7.21532531065e-05","aminoglycoside"
"1010",1677,"TETA","7","0.000109432433878","tetracycline"
"1011",1677,"MACB","2","2.03911367475e-05","MLS"
"1012",1677,"OMP36","3","5.25275682615e-05","multidrug"
"1013",1677,"BAER","1","2.73581084696e-05","multidrug"
"1014",1677,"EVGS","4","2.1941340126e-05","multidrug"
"1015",1677,"DFRA14","9","0.000376391810791","diaminopyrimidine"
"1016",1677,"EMRR","2","7.46130230988e-05","fluoroquinolone"
"1017",1677,"DNA-BINDING_PROTEIN_H-NS","32","0.00153365162807","unclassified"
"1018",1677,"ACRB","8","5.04103342241e-05","multidrug"
"1019",1677,"RPOB2","11","6.21561156279e-05","multidrug"
"1020",1677,"ACRA","9","0.00014810404585","multidrug"
"1021",1677,"TRANSCRIPTIONAL_REGULATORY_PROTEIN_CPXR_CPXR","2","5.66029830404e-05","unclassified"
"1022",1677,"ACRD","4","2.53266963653e-05","aminoglycoside"
"1023",1677,"EMRA","3","5.05072771746e-05","multidrug"
"1024",1677,"EMRB","1","1.28241133451e-05","multidrug"
"1025",1677,"BACTERIAL_REGULATORY_PROTEIN_LUXR","1","3.21860099642e-05","unclassified"
"1026",1677,"TOLC","12","0.000159174449277","multidrug"
"1027",269,"OPMH","1","3.65161548285e-05","triclosan"
"1028",269,"RPOB2","1","1.51469764435e-05","multidrug"
"1029",269,"ANT(3'')-IIC","1","6.79567051248e-05","aminoglycoside"
"1030",269,"MEXT","1","5.7897324432e-05","multidrug"
"1031",269,"TRIC","2","3.46813529603e-05","triclosan"
"1032",269,"MEXQ","1","1.6714897082e-05","multidrug"
"1033",269,"ADEC","3","0.000112584989087","multidrug"
"1034",269,"MEXF","1","1.65732454118e-05","multidrug"
"1035",269,"ADEI","1","4.23095832388e-05","multidrug"
"1036",269,"ADEJ","2","3.32718083693e-05","multidrug"
"1037",269,"ADEK","2","7.27305232535e-05","multidrug"
"1038",326,"TETX","1","5.62438532381e-05","tetracycline"
"1039",326,"TETA(46)","1","3.78225215155e-05","tetracycline"
"1040",326,"APH(3''')-III","1","8.22353308709e-05","aminoglycoside"
"1041",326,"RPOB2","4","7.47336569704e-05","multidrug"
"1042",326,"APH(6)-I","1","8.16170201124e-05","aminoglycoside"
"1043",326,"ERMF","4","0.00032646808045","MLS"
"1044",326,"DNA-BINDING_PROTEIN_H-NS","1","0.000158468082846","unclassified"
"1045",326,"BIFUNCTIONAL_AMINOGLYCOSIDE_N-ACETYLTRANSFERASE_AND_AMINOGLYCOSIDE_PHOSPHOTRANSFERASE","1","4.42161453155e-05","aminoglycoside"
"1046",326,"PORIN_OMPC","1","5.9155660354e-05","beta-lactam"
"1047",363,"RPOB2","3","6.05601167987e-05","multidrug"
"1048",363,"CATD","2","0.00022129199912","phenicol"
"1049",363,"OXA","1","8.49889561837e-05","beta-lactam"
"1050",420,"MEXF","1","5.85751193182e-05","multidrug"
"1051",420,"RPOB2","2","0.000107068462506","multidrug"
"1052",420,"CLASS_A","1","0.000207355922386","beta-lactam"
"1053",420,"BACA","3","0.000683590952922","bacitracin"
"1054",470,"MTRE","1","2.0584367333e-06","multidrug"
"1055",470,"MULTIDRUG_ABC_TRANSPORTER","3","4.98939422726e-06","multidrug"
"1056",470,"BACA","2","7.04241724874e-06","bacitracin"
"1057",470,"ERMB","1","3.92363246715e-06","MLS"
"1058",470,"MDSC","1","1.91111322953e-06","multidrug"
"1059",470,"LSAC","2","3.90768274168e-06","MLS"
"1060",470,"TETW","1","1.5043661259e-06","tetracycline"
"1061",470,"TETQ","5","7.31575307803e-06","tetracycline"
"1062",470,"RPOB2","59","4.88090424378e-05","multidrug"
"1063",470,"UGD","1","2.477551429e-06","peptide"
"1064",470,"CMEB","1","9.24317263897e-07","multidrug"
"1065",490,"RPOB2","7","8.31438404697e-05","multidrug"
"1066",490,"AMRB","1","1.32075382947e-05","multidrug"
"1067",490,"BACA","1","5.05563279047e-05","bacitracin"
"1068",609,"RPOB2","2","5.36425883493e-05","multidrug"
"1069",609,"TETQ","1","4.74373574291e-05","tetracycline"
"1070",609,"CFXA3","1","9.70914138035e-05","beta-lactam"
"1071",609,"CFXA2","1","9.70914138035e-05","beta-lactam"
"1072",612,"RPOB2","11","8.239389542e-05","multidrug"
"1073",612,"SUL2","1","3.21173118007e-05","sulfonamide"
"1074",612,"PORIN_OMPC","1","2.37160531281e-05","beta-lactam"
"1075",612,"TETQ","4","5.29911202314e-05","tetracycline"
"1076",612,"OMPF","1","2.47971267749e-05","multidrug"
"1077",612,"ACRA","1","2.18140137794e-05","multidrug"
"1078",612,"MACB","1","1.35152041894e-05","MLS"
"1079",649,"OMPR","1","4.42876808991e-06","multidrug"
"1080",649,"MULTIDRUG_ABC_TRANSPORTER","1","1.74698810467e-06","multidrug"
"1081",649,"BACA","1","3.69875137179e-06","bacitracin"
"1082",649,"RPOB2","48","4.17112202891e-05","multidrug"
"1083",649,"CFXA6","6","1.83037907764e-05","beta-lactam"
"1084",649,"ERMF","1","3.79608693421e-06","MLS"
"1085",649,"CFXA2","1","3.14566705452e-06","beta-lactam"
"1086",649,"SUL2","1","3.72604842989e-06","sulfonamide"
"1087",649,"ACRB","1","9.69058660748e-07","multidrug"
"1088",649,"TETQ","30","4.61077225799e-05","tetracycline"
"1089",649,"TETW","6","9.48130633333e-06","tetracycline"
"1090",649,"TET37","6","5.60977291389e-05","tetracycline"
"1091",649,"TET(40)","1","2.48709143965e-06","tetracycline"
"1092",649,"MDTM","1","2.46282713293e-06","multidrug"
"1093",665,"APH(3'')-I","2","2.4272055298e-05","aminoglycoside"
"1094",665,"BACA","1","1.20915733353e-05","bacitracin"
"1095",665,"OMPF","3","2.82136711156e-05","multidrug"
"1096",665,"SUL2","1","1.21808100388e-05","sulfonamide"
"1097",665,"YOJI","1","6.03473404118e-06","peptide"
"1098",665,"MSBA","1","5.671820482e-06","nitroimidazole"
"1099",665,"TETX","1","8.55181222934e-06","tetracycline"
"1100",665,"TETW","1","5.1658834437e-06","tetracycline"
"1101",665,"PORIN_OMPC","5","4.49727455112e-05","beta-lactam"
"1102",665,"TETA","4","3.14380906717e-05","tetracycline"
"1103",665,"MDTK","1","6.96413400955e-06","multidrug"
"1104",665,"MEXB","1","3.15583128157e-06","multidrug"
"1105",665,"APH(3''')-III","2","2.50075721252e-05","aminoglycoside"
"1106",665,"MRX","2","1.60242695171e-05","MLS"
"1107",665,"MEXF","1","3.10828580087e-06","multidrug"
"1108",665,"CLASS_C","1","8.46410133468e-06","beta-lactam"
"1109",665,"RPOB2","15","4.26118698863e-05","multidrug"
"1110",665,"CPXA","1","7.22319369918e-06","aminoglycoside:aminocoumarin"
"1111",665,"DNA-BINDING_PROTEIN_H-NS","1","2.40948870111e-05","unclassified"
"1112",665,"ACRB","1","3.16794579705e-06","multidrug"
"1113",665,"ACRA","1","8.2731817557e-06","multidrug"
"1114",665,"KLEBSIELLA_PNEUMONIAE_OMPK36","1","8.99454910225e-06","beta-lactam"
"1115",665,"EMRD","2","1.67563427438e-05","multidrug"
"1116",698,"MDSB","1","0.00189573459716","multidrug"
"1117",698,"MEXF","1","0.00188323917137","multidrug"
"1118",698,"TETR","1","0.00961538461538","tetracycline"
"1119",698,"EMRE","1","0.016","multidrug"
"1120",742,"CLASS_A","1","2.22249123885e-05","beta-lactam"
"1121",742,"RPOB2","12","6.88551502571e-05","multidrug"
"1122",742,"ERMF","18","0.000451182431948","MLS"
"1123",742,"SUL2","59","0.00145159021873","sulfonamide"
"1124",742,"TETQ","12","0.000121780341855","tetracycline"
"1125",742,"OMPF","1","1.89956516141e-05","multidrug"
"1126",742,"OXA","3","7.24725403974e-05","beta-lactam"
"1127",765,"APH(3'')-I","8","0.000248354219715","aminoglycoside"
"1128",765,"OMPR","2","7.40705567571e-05","multidrug"
"1129",765,"CTX-M","6","0.000174103989079","beta-lactam"
"1130",765,"QNRS8","1","3.87341443592e-05","fluoroquinolone"
"1131",765,"CAMP-REGULATORY_PROTEIN","1","5.18039476706e-05","unclassified"
"1132",765,"COB(I)ALAMIN_ADENOLSYLTRANSFERASE","3","0.000129245563321","unclassified"
"1133",765,"OMPF","72","0.00173211148109","multidrug"
"1134",765,"ROSB","1","1.5550724623e-05","fosmidomycin"
"1135",765,"QACH","1","7.67640315483e-05","fluoroquinolone"
"1136",765,"ESCHERICHIA_COLI_MIPA","6","0.000204291374282","multidrug"
"1137",765,"YOJI","8","0.000123496065379","peptide"
"1138",765,"MSBA","8","0.000116069326052","nitroimidazole"
"1139",765,"ESCHERICHIA_COLI_LAMB","4","7.57313315723e-05","multidrug"
"1140",765,"SERRATIA_MARCESCENS_OMP1","2","4.51553126755e-05","multidrug"
"1141",765,"TEM","4","0.000120199907051","beta-lactam"
"1142",765,"SUL1","1","2.98376094357e-05","sulfonamide"
"1143",765,"SUL2","9","0.000280429487944","sulfonamide"
"1144",765,"UGD","2","4.35259972697e-05","peptide"
"1145",765,"PORIN_OMPC","41","0.00094334000622","beta-lactam"
"1146",765,"MDFA","2","4.11904559527e-05","multidrug"
"1147",765,"MCR-3","1","1.56082134387e-05","peptide"
"1148",765,"TETM","1","1.32144655247e-05","tetracycline"
"1149",765,"MDTK","1","1.78144377011e-05","multidrug"
"1150",765,"TETC","1","4.28631648239e-05","tetracycline"
"1151",765,"MEXE","1","2.12696309076e-05","multidrug"
"1152",765,"CPXA","6","0.000110862715146","aminoglycoside:aminocoumarin"
"1153",765,"MPHA","6","0.000168319803395","MLS"
"1154",765,"AADA","5","0.000160533145823","aminoglycoside"
"1155",765,"MRX","4","8.19810045661e-05","MLS"
"1156",765,"BICYCLOMYCIN-MULTIDRUG_EFFLUX_PROTEIN_BCR","2","4.26466841935e-05","multidrug"
"1157",765,"APH(6)-I","26","0.000825357632437","aminoglycoside"
"1158",765,"KASUGAMYCIN_RESISTANCE_PROTEIN_KSGA","5","0.000154652810812","aminoglycoside"
"1159",765,"TETA","3","6.03145962165e-05","tetracycline"
"1160",765,"MACB","2","2.62237374854e-05","MLS"
"1161",765,"FOSA4","1","6.11887207994e-05","fosfomycin"
"1162",765,"AAC(3)-II","1","2.95246275186e-05","aminoglycoside"
"1163",765,"APH(3')-I","2","6.23176639876e-05","aminoglycoside"
"1164",765,"OMP36","2","4.50348985083e-05","multidrug"
"1165",765,"PBP-1A","1","1.17441494719e-05","beta-lactam"
"1166",765,"RPOB2","11","7.99350070339e-05","multidrug"
"1167",765,"EMRR","2","9.59550394354e-05","fluoroquinolone"
"1168",765,"DFRA17","1","5.37837163714e-05","diaminopyrimidine"
"1169",765,"PMRF","1","2.62237374854e-05","peptide"
"1170",765,"DNA-BINDING_PROTEIN_H-NS","47","0.0028968616285","unclassified"
"1171",765,"BACTERIAL_REGULATORY_PROTEIN_LUXR","1","4.13923699525e-05","unclassified"
"1172",765,"ACRB","37","0.000299836476393","multidrug"
"1173",765,"ACRA","15","0.000317445243245","multidrug"
"1174",765,"TRANSCRIPTIONAL_REGULATORY_PROTEIN_CPXR_CPXR","1","3.63967390962e-05","unclassified"
"1175",765,"MCR-5","18","0.000277866147104","peptide"
"1176",765,"ACRD","3","2.44282839064e-05","aminoglycoside"
"1177",765,"EMRB","2","3.29845448059e-05","multidrug"
"1178",765,"EMRE","1","6.75523477625e-05","multidrug"
"1179",765,"TOLC","6","0.000102352042064","multidrug"
"1180",785,"ESCHERICHIA_COLI_LAMB","3","0.000185001478806","multidrug"
"1181",785,"MGRB","2","0.00117036396521","multidrug"
"1182",785,"MPHA","1","9.13739308389e-05","MLS"
"1183",785,"AADA","1","0.000104576247842","aminoglycoside"
"1184",785,"TETW","1","4.30415542762e-05","tetracycline"
"1185",785,"RPOB2","4","9.46766030379e-05","multidrug"
"1186",785,"APH(6)-I","1","0.000103396816476","aminoglycoside"
"1187",785,"DNA-BINDING_PROTEIN_H-NS","6","0.00120453517588","unclassified"
"1188",785,"ACRB","3","7.91848939995e-05","multidrug"
"1189",785,"TETQ","1","4.18623336111e-05","tetracycline"
"1190",785,"OMPF","2","0.000156715402749","multidrug"
"1191",785,"CLASS_A","1","9.16785106083e-05","beta-lactam"
"1192",785,"SUL2","3","0.000304467378404","sulfonamide"
"1193",785,"KLEBSIELLA_PNEUMONIAE_OMPK36","1","7.49415618052e-05","beta-lactam"
"1194",785,"EMRB","1","5.37178773096e-05","multidrug"
"1195",786,"OMPR","1","1.57926807454e-05","multidrug"
"1196",786,"OMPF","7","7.18094543293e-05","multidrug"
"1197",786,"ROSB","1","6.63118086545e-06","fosmidomycin"
"1198",786,"ESCHERICHIA_COLI_MIPA","2","2.90381549189e-05","multidrug"
"1199",786,"YOJI","1","6.5826895977e-06","peptide"
"1200",786,"EPTA","2","1.31653791954e-05","peptide"
"1201",786,"MSBA","1","6.18682338478e-06","nitroimidazole"
"1202",786,"CFXA6","6","6.52700521439e-05","beta-lactam"
"1203",786,"CFXA3","1","1.12172311836e-05","beta-lactam"
"1204",786,"CFXA2","5","5.60861559181e-05","beta-lactam"
"1205",786,"TETW","1","5.63494712041e-06","tetracycline"
"1206",786,"UGD","1","9.28023507717e-06","peptide"
"1207",786,"PORIN_OMPC","1","9.81125670284e-06","beta-lactam"
"1208",786,"TOLC","2","1.45484089291e-05","multidrug"
"1209",786,"MDTH","1","8.9570428108e-06","multidrug"
"1210",786,"CPXA","1","7.87906172854e-06","aminoglycoside:aminocoumarin"
"1211",786,"SDIA","1","1.50030467081e-05","unclassified"
"1212",786,"BICYCLOMYCIN-MULTIDRUG_EFFLUX_PROTEIN_BCR","1","9.09275558066e-06","multidrug"
"1213",786,"BAER","2","3.00060934162e-05","multidrug"
"1214",786,"RPOB2","12","3.71848317722e-05","multidrug"
"1215",786,"DNA-BINDING_PROTEIN_H-NS","4","0.000105130838246","unclassified"
"1216",786,"ACRB","3","1.03667885123e-05","multidrug"
"1217",786,"ACRA","1","9.02438899735e-06","multidrug"
"1218",786,"EMRB","1","7.03267814442e-06","multidrug"
"1219",786,"BACTERIAL_REGULATORY_PROTEIN_LUXR","3","5.2951929558e-05","unclassified"
"1220",814,"RPOB2","7","7.51601483258e-05","multidrug"
"1221",814,"METALLO-BETA-LACTAMASE","2","8.60454111868e-05","beta-lactam"
"1222",814,"ERMF","2","9.3808906933e-05","MLS"
"1223",814,"CFXA2","1","3.88678648663e-05","beta-lactam"
"1224",814,"SUL2","10","0.000460390576461","sulfonamide"
"1225",814,"MEXQ","1","1.18486083781e-05","multidrug"
"1226",814,"TETQ","2","3.79804706913e-05","tetracycline"
"1227",814,"MUXC","1","1.20430353495e-05","multidrug"
"1228",814,"CMX","1","3.27469412653e-05","beta-lactam"
"1229",814,"UGD","1","3.21561459332e-05","peptide"
"1230",834,"APH(3''')-III","20","8.82126184307e-05","aminoglycoside"
"1231",834,"BACA","1","4.26522550654e-06","bacitracin"
"1232",834,"ERMB","2","9.50535970029e-06","MLS"
"1233",834,"ERMA","7","2.84001600801e-05","MLS"
"1234",834,"CAMP-REGULATORY_PROTEIN","3","2.14307956433e-05","unclassified"
"1235",834,"ERM(TR)","48","0.000230006234723","MLS"
"1236",834,"MGRB","1","2.47746077295e-05","multidrug"
"1237",834,"STREPTOCOCCUS_AGALACTIAE_MPRF","3","4.12422631624e-06","peptide"
"1238",834,"OMPF","18","5.97131570915e-05","multidrug"
"1239",834,"ROSB","4","8.57758057668e-06","fosmidomycin"
"1240",834,"CMX","50","0.000152809260274","beta-lactam"
"1241",834,"ESCHERICHIA_COLI_MIPA","2","9.39037551036e-06","multidrug"
"1242",834,"MSBA","2","4.00139712469e-06","nitroimidazole"
"1243",834,"SERRATIA_MARCESCENS_OMP1","1","3.11338653285e-06","multidrug"
"1244",834,"TETW","5","9.11116246702e-06","tetracycline"
"1245",834,"UGD","2","6.00209568704e-06","peptide"
"1246",834,"PORIN_OMPC","3","9.51830978162e-06","beta-lactam"
"1247",834,"MDFA","2","5.68003201602e-06","multidrug"
"1248",834,"EVGS","2","1.94554145912e-06","multidrug"
"1249",834,"MDTG","2","5.79306747903e-06","multidrug"
"1250",834,"TETL","1","2.54237240892e-06","tetracycline"
"1251",834,"MDTK","2","4.91310786196e-06","fluoroquinolone"
"1252",834,"SAT-4","6","3.88135521095e-05","nucleoside"
"1253",834,"CPXA","7","1.78355491094e-05","aminoglycoside:aminocoumarin"
"1254",834,"MDTM","1","2.84001600801e-06","multidrug"
"1255",834,"AADE","15","7.36966179294e-05","aminoglycoside"
"1256",834,"BICYCLOMYCIN-MULTIDRUG_EFFLUX_PROTEIN_BCR","1","2.94042061436e-06","multidrug"
"1257",834,"KASUGAMYCIN_RESISTANCE_PROTEIN_KSGA","6","2.55913530392e-05","aminoglycoside"
"1258",834,"TETA","8","2.2179172634e-05","tetracycline"
"1259",834,"MACB","2","3.6161694512e-06","MLS"
"1260",834,"AAC(3)-II","2","8.14270323975e-06","aminoglycoside"
"1261",834,"EFRB","1","3.21659271626e-06","multidrug"
"1262",834,"PATA","1","2.53683347121e-06","fluoroquinolone"
"1263",834,"MTRA","3","1.53211389906e-05","multidrug"
"1264",834,"BAES","1","2.49337593851e-06","multidrug"
"1265",834,"RPOB2","76","7.61574000083e-05","multidrug"
"1266",834,"EMRR","1","6.6159463823e-06","fluoroquinolone"
"1267",834,"DNA-BINDING_PROTEIN_H-NS","21","0.000178485677584","unclassified"
"1268",834,"BIFUNCTIONAL_AMINOGLYCOSIDE_N-ACETYLTRANSFERASE_AND_AMINOGLYCOSIDE_PHOSPHOTRANSFERASE","3","7.11450038667e-06","aminoglycoside"
"1269",834,"ACRB","10","1.11747270949e-05","multidrug"
"1270",834,"ACRA","4","1.16732487547e-05","multidrug"
"1271",834,"ACRD","2","2.24572143353e-06","aminoglycoside"
"1272",834,"APH(2'')-IF","1","3.92056081914e-06","aminoglycoside"
"1273",834,"EMRB","2","4.54846313783e-06","multidrug"
"1274",834,"BACTERIAL_REGULATORY_PROTEIN_LUXR","2","1.14157506204e-05","unclassified"
"1275",834,"TOLC","9","2.11710284234e-05","multidrug"
"1276",858,"MDSB","1","1.67243219759e-05","multidrug"
"1277",858,"RPOB2","3","4.55529079636e-05","multidrug"
"1278",858,"CFXA2","1","5.4966229547e-05","beta-lactam"
"1279",865,"CATA","4","0.000796760323561","phenicol"
"1280",865,"SUL2","3","0.000482907317878","sulfonamide"
"1281",865,"PORIN_OMPC","2","0.000237725491635","beta-lactam"
"1282",865,"CTX-M","5","0.000749529685825","beta-lactam"
"1283",865,"APH(6)-I","2","0.000327989682068","aminoglycoside"
"1284",865,"DNA-BINDING_PROTEIN_H-NS","1","0.000318413340985","unclassified"
"1285",865,"ACRB","3","0.000125592978066","multidrug"
"1286",865,"RPOB2","1","3.75409877065e-05","multidrug"
"1287",865,"ACRA","1","0.000109329894023","multidrug"
"1288",865,"ACRF","2","8.43764559284e-05","multidrug"
"1289",865,"KASUGAMYCIN_RESISTANCE_PROTEIN_KSGA","3","0.00047936953533","aminoglycoside"
"1290",865,"MSBA","1","7.49529685825e-05","nitroimidazole"
"1291",865,"ESCHERICHIA_COLI_MIPA","1","0.000175897692399","multidrug"
"1292",865,"EMRD","1","0.000110717329226","multidrug"
"1293",865,"DFRA5","1","0.000204801069084","diaminopyrimidine"
"1294",883,"ACRB","1","0.000892969610348","multidrug"
"1295",883,"TETA","1","0.00221541508091","tetracycline"
"1296",890,"PBP-1B","1","2.4162109668e-05","beta-lactam"
"1297",890,"PBP-1A","3","8.27695078058e-05","beta-lactam"
"1298",890,"TEM","1","7.05946335853e-05","beta-lactam"
"1299",890,"RPOB2","5","8.53575388875e-05","multidrug"
"1300",890,"CFXA2","3","0.000185393383528","beta-lactam"
"1301",890,"ACRB","2","3.80750327015e-05","multidrug"
"1302",890,"OMPF","2","0.000113031863461","multidrug"
"1303",890,"SDIA","1","8.26545501561e-05","unclassified"
"1304",891,"CEOB","1","0.00367903029805","multidrug"
"1305",919,"PBP-1A","1","4.78222939586e-05","beta-lactam"
"1306",919,"APH(3'')-I","1","0.000126412607927","aminoglycoside"
"1307",919,"BACA","1","0.000125949558082","bacitracin"
"1308",919,"TETW","1","5.38094356123e-05","tetracycline"
"1309",919,"ACRB","3","9.89949021773e-05","multidrug"
"1310",919,"TRANSCRIPTIONAL_REGULATORY_PROTEIN_CPXR_CPXR","1","0.000148207885156","unclassified"
"1311",919,"SUL2","3","0.000380637225346","sulfonamide"
"1312",928,"MDTC","1","2.77274078262e-05","multidrug"
"1313",928,"RPOB2","5","0.000122291708356","multidrug"
"1314",928,"DNA-BINDING_TRANSCRIPTIONAL_REGULATOR_GADX","1","0.000103724792051","unclassified"
"1315",928,"VANR","1","0.000124107393109","glycopeptide"
"1316",934,"MTRD","1","1.33350615523e-05","multidrug"
"1317",934,"MEFA","2","7.02642502536e-05","MLS"
"1318",934,"AADE","1","6.00359100268e-05","aminoglycoside"
"1319",934,"RPOB2","14","0.000171427839474","multidrug"
"1320",934,"ERMF","5","0.000267453208202","MLS"
"1321",934,"SUL2","22","0.00115508204753","sulfonamide"
"1322",934,"TETQ","5","0.000108283947309","tetracycline"
"1323",934,"TETM","2","4.45336797382e-05","tetracycline"
"1324",934,"TETA","1","3.38774063723e-05","tetracycline"
"1325",934,"OXA","1","5.15525749143e-05","beta-lactam"
"1326",934,"APH(3''')-III","2","0.000107791747548","aminoglycoside"
"1327",935,"CLASS_B","1","5.99503567507e-05","beta-lactam"
"1328",935,"RPOB2","3","4.48853789786e-05","multidrug"
"1329",935,"EVGS","1","1.45243136656e-05","multidrug"
"1330",935,"DNA-BINDING_PROTEIN_H-NS","1","0.00012690221502","unclassified"
"1331",935,"TET37","1","0.000160977809793","tetracycline"
"1332",936,"CLASS_C","2","3.68787400245e-05","beta-lactam"
"1333",936,"YOJI","1","1.31469000087e-05","peptide"
"1334",936,"APH(3'')-I","1","2.64388025911e-05","aminoglycoside"
"1335",936,"BACA","1","2.63419571603e-05","bacitracin"
"1336",936,"RPOB2","10","6.18877306779e-05","multidrug"
"1337",936,"TEM","4","0.000102368032808","beta-lactam"
"1338",936,"MEXY","1","6.88167876054e-06","multidrug"
"1339",936,"MUXB","1","6.89487469297e-06","multidrug"
"1340",936,"DNA-BINDING_PROTEIN_H-NS","2","0.000104983274522","unclassified"
"1341",936,"ACRB","6","4.14089499315e-05","multidrug"
"1342",936,"TETQ","5","5.47287237806e-05","tetracycline"
"1343",936,"OMPF","10","0.000204881889025","multidrug"
"1344",936,"SUL2","3","7.96090882447e-05","sulfonamide"
"1345",936,"AAC(3)-II","3","7.54337864137e-05","aminoglycoside"
"1346",936,"TETA","1","1.71222721542e-05","tetracycline"
"1347",936,"MSBA","2","2.47125577483e-05","nitroimidazole"
"1348",936,"CPXA","1","1.57360050433e-05","aminoglycoside:aminocoumarin"
"1349",936,"OXA","1","2.6055631539e-05","beta-lactam"
"1350",936,"MDTL","1","1.83922104981e-05","multidrug"
"1351",939,"ESCHERICHIA_COLI_LAMB","1","9.98216176539e-05","multidrug"
"1352",939,"ACRS","1","0.000202365643062","multidrug"
"1353",939,"SERRATIA_MARCESCENS_OMP1","1","0.000119038613566","multidrug"
"1354",939,"LMRD","1","6.72514221656e-05","MLS"
"1355",939,"RPOB2","1","3.83136329377e-05","multidrug"
"1356",939,"MEXX","1","0.000112425357257","multidrug"
"1357",939,"MDFA","1","0.000108586442619","multidrug"
"1358",939,"CAMP-REGULATORY_PROTEIN","1","0.000273131542783","unclassified"
"1359",939,"DNA-BINDING_PROTEIN_H-NS","10","0.00324966726085","unclassified"
"1360",939,"PORIN_OMPC","6","0.000727854628997","beta-lactam"
"1361",939,"MDTB","1","4.28081168016e-05","multidrug"
"1362",939,"OMPF","5","0.000634194322986","multidrug"
"1363",939,"ACRA","2","0.000223160107637","multidrug"
"1364",939,"KASUGAMYCIN_RESISTANCE_PROTEIN_KSGA","1","0.000163078540197","aminoglycoside"
"1365",939,"MDTK","1","9.39249820119e-05","multidrug"
"1366",939,"EMRA","1","0.000114154978138","multidrug"
"1367",939,"MEXD","1","4.26849870313e-05","multidrug"
"1368",939,"ESCHERICHIA_COLI_MIPA","1","0.000179517909168","multidrug"
"1369",939,"TOLC","1","8.99402858054e-05","multidrug"
"1370",939,"MSBA","1","7.64956039066e-05","nitroimidazole"
"1371",95,"RPOB2","8","0.000133992008855","multidrug"
"1372",95,"TETQ","2","5.92460861072e-05","tetracycline"
"1373",95,"OMPF","1","5.54482600746e-05","multidrug"
"1374",973,"RPOB2","4","0.000148432159403","multidrug"
"1375",973,"TETA","1","0.00010266557692","tetracycline"
"1376",973,"TETW","1","6.74797219195e-05","tetracycline"
"1377",973,"AMRB","1","4.12627199106e-05","multidrug"
"1378",973,"TETQ","1","6.56309624148e-05","tetracycline"
"1379",980,"SERRATIA_MARCESCENS_OMP1","2","0.000643184445716","multidrug"
"1380",980,"MEXX","1","0.000303725988255","multidrug"
"1381",980,"TETQ","2","0.000366135437896","tetracycline"
"1382",980,"SUL2","1","0.000443821001287","sulfonamide"
"1383",980,"UGD","1","0.000309988379765","peptide"
"1384",980,"ACRB","2","0.000230855069768","multidrug"
"1385",980,"KLEBSIELLA_PNEUMONIAE_OMPK37","3","0.000964776668574","beta-lactam"
"1386",980,"MEXF","1","0.000113253758332","multidrug"
"1387",980,"MSBA","1","0.000206658919843","nitroimidazole"
"1388",998,"RPOB2","12","0.000193300952124","multidrug"
"1389",998,"TET37","5","0.000866572941236","tetracycline"
"1390",998,"TET32","1","2.92926064643e-05","tetracycline"
"1391",998,"TET40","1","4.61033880066e-05","tetracycline"
"1392",998,"TETQ","3","8.54702079027e-05","tetracycline"
