"","Sample","ARO.Term","ARO.Accession","Reference.Model.Type","Reference.DB","Alleles.with.Mapped.Reads","Reference.Allele.s..Identity.to.CARD.Reference.Protein....","Resistomes...Variants..Observed.in.Genome.s.","Resistomes...Variants..Observed.in.Plasmid.s.","Resistomes...Variants..Observed.Pathogen.s.","Completely.Mapped.Reads","Mapped.Reads.with.Flanking.Sequence","All.Mapped.Reads","Average.Percent.Coverage","Average.Length.Coverage..bp.","Average.MAPQ..Completely.Mapped.Reads.","Number.of.Mapped.Baits","Number.of.Mapped.Baits.with.Reads","Average.Number.of.reads.per.Bait","Number.of.reads.per.Bait.Coefficient.of.Variation....","Number.of.reads.mapping.to.baits.and.mapping.to.complete.gene","Number.of.reads.mapping.to.baits.and.mapping.to.complete.gene....","Mate.Pair.Linkage....reads.","Reference.Length","AMR.Gene.Family","Drug.Class","Resistance.Mechanism"
"13",1053,"marA","3000263","protein homolog model","CARD","1","100.0","no data","no data","Escherichia coli","2.00","0.00",2,50.78,"195.00","135.50","0","0","0","0","N/A","N/A","","384","resistance-nodulation-cell division (RND) antibiotic efflux pump; General Bacterial Porin with reduced permeability to beta-lactams","fluoroquinolone antibiotic; monobactam; carbapenem; cephalosporin; glycylcycline; cephamycin; penam; tetracycline antibiotic; rifamycin antibiotic; phenicol antibiotic; penem; disinfecting agents and antiseptics","antibiotic efflux; reduced permeability to antibiotic"
"21",1054,"CfxA2","3003002","protein homolog model","CARD","1","100.0","no data","no data","Prevotella intermedia","24.00","0.00",24,84.89,"820.00","196.46","0","0","0","0","N/A","N/A","","966","CfxA beta-lactamase","cephamycin","antibiotic inactivation"
"22",1054,"tet(W)","3000194","protein homolog model","CARD","1","100.0","no data","no data","Butyrivibrio fibrisolvens","18.00","0.00",18,55.68,"1069.00","196.56","0","0","0","0","N/A","N/A","","1920","tetracycline-resistant ribosomal protection protein","tetracycline antibiotic","antibiotic target protection"
"41",1079,"lnuC","3002837","protein homolog model","CARD","1","100.0","no data","no data","Streptococcus agalactiae","3.00","0.00",3,56.77,"281.00","195.67","0","0","0","0","N/A","N/A","","495","lincosamide nucleotidyltransferase (LNU)","lincosamide antibiotic","antibiotic inactivation"
"42",1079,"mel","3000616","protein homolog model","CARD","1","100.0","no data","no data","Streptococcus pyogenes","20.00","0.00",20,77.75,"947.00","184.15","0","0","0","0","N/A","N/A","","1218","msr-type ABC-F protein","macrolide antibiotic; streptogramin antibiotic","antibiotic target protection"
"43",1079,"tet(Q)","3000191","protein homolog model","CARD","1","100.0","no data","no data","Bacteroides fragilis","16.00","0.00",16,52.63,"1039.00","192.94","0","0","0","0","N/A","N/A","","1974","tetracycline-resistant ribosomal protection protein","tetracycline antibiotic","antibiotic target protection"
"44",1079,"APH(3')-IIIa","3002647","protein homolog model","CARD","1","100.0","no data","no data","Campylobacter coli","16.00","0.00",16,75.85,"603.00","195.31","0","0","0","0","N/A","N/A","","795","APH(3')","aminoglycoside antibiotic","antibiotic inactivation"
"45",1079,"SAT-4","3002897","protein homolog model","CARD","1","100.0","no data","no data","Campylobacter coli","5.00","0.00",5,80.29,"436.00","186.00","0","0","0","0","N/A","N/A","","543","streptothricin acetyltransferase (SAT)","nucleoside antibiotic","antibiotic inactivation"
"51",1105,"CTX-M-55","3001917","protein homolog model","CARD","1","100.0","no data","no data","Escherichia coli","101.00","0.00",101,100,"876.00","189.89","0","0","0","0","N/A","N/A","","876","CTX-M beta-lactamase","cephalosporin","antibiotic inactivation"
"55",1105,"H-NS","3000676","protein homolog model","CARD","1","100.0","no data","no data","Escherichia coli","36.00","0.00",36,90.58,"375.00","190.50","0","0","0","0","N/A","N/A","","414","major facilitator superfamily (MFS) antibiotic efflux pump; resistance-nodulation-cell division (RND) antibiotic efflux pump","macrolide antibiotic; fluoroquinolone antibiotic; cephalosporin; cephamycin; penam; tetracycline antibiotic","antibiotic efflux"
"59",1105,"OmpA","3005044","protein homolog model","CARD","1","100.0","no data","no data","Klebsiella pneumoniae","50.00","0.00",50,86.58,"974.00","135.50","0","0","0","0","N/A","N/A","","1125","General Bacterial Porin with reduced permeability to peptide antibiotics","peptide antibiotic","reduced permeability to antibiotic"
"64",1127,"sul2","3000412","protein homolog model","CARD","1","100.0","no data","no data","Vibrio cholerae","10.00","0.00",10,61.27,"500.00","195.00","0","0","0","0","N/A","N/A","","816","sulfonamide resistant sul","sulfonamide antibiotic","antibiotic target replacement"
"68",1127,"H-NS","3000676","protein homolog model","CARD","1","100.0","no data","no data","Escherichia coli","18.00","0.00",18,84.06,"348.00","183.44","0","0","0","0","N/A","N/A","","414","major facilitator superfamily (MFS) antibiotic efflux pump; resistance-nodulation-cell division (RND) antibiotic efflux pump","macrolide antibiotic; fluoroquinolone antibiotic; cephalosporin; cephamycin; penam; tetracycline antibiotic","antibiotic efflux"
"70",1127,"emrR","3000516","protein homolog model","CARD","1","100.0","no data","no data","Escherichia coli","8.00","0.00",8,63.09,"335.00","62.25","0","0","0","0","N/A","N/A","","531","major facilitator superfamily (MFS) antibiotic efflux pump","fluoroquinolone antibiotic","antibiotic efflux"
"76",1127,"Klebsiella pneumoniae acrA","3004041","protein homolog model","CARD","1","100.0","no data","no data","Klebsiella pneumoniae","8.00","0.00",8,50.96,"610.00","188.50","0","0","0","0","N/A","N/A","","1197","resistance-nodulation-cell division (RND) antibiotic efflux pump","fluoroquinolone antibiotic; cephalosporin; glycylcycline; penam; tetracycline antibiotic; rifamycin antibiotic; phenicol antibiotic; disinfecting agents and antiseptics","antibiotic efflux"
"78",1127,"Klebsiella pneumoniae KpnF","3004583","protein homolog model","CARD","1","100.0","no data","no data","Klebsiella pneumoniae","6.00","0.00",6,62.12,"205.00","186.33","0","0","0","0","N/A","N/A","","330","small multidrug resistance (SMR) antibiotic efflux pump","macrolide antibiotic; aminoglycoside antibiotic; cephalosporin; tetracycline antibiotic; peptide antibiotic; rifamycin antibiotic; disinfecting agents and antiseptics","antibiotic efflux"
"80",1127,"OmpA","3005044","protein homolog model","CARD","1","100.0","no data","no data","Klebsiella pneumoniae","150.00","0.00",150,100,"1125.00","160.23","0","0","0","0","N/A","N/A","","1125","General Bacterial Porin with reduced permeability to peptide antibiotics","peptide antibiotic","reduced permeability to antibiotic"
"86",1128,"DHA-4","3002137","protein homolog model","CARD","1","100.0","no data","no data","Morganella morganii","10.00","0.00",10,52.98,"604.00","191.80","0","0","0","0","N/A","N/A","","1140","DHA beta-lactamase","cephalosporin; cephamycin","antibiotic inactivation"
"119",1164,"ErmF","3000498","protein homolog model","CARD","1","100.0","no data","no data","Bacteroides fragilis","6.00","0.00",6,53.06,"425.00","173.00","0","0","0","0","N/A","N/A","","801","Erm 23S ribosomal RNA methyltransferase","macrolide antibiotic; lincosamide antibiotic; streptogramin antibiotic; streptogramin A antibiotic; streptogramin B antibiotic","antibiotic target alteration"
"125",1164,"tet(32)","3000196","protein homolog model","CARD","1","100.0","no data","no data","Escherichia coli","13.00","0.00",13,52.34,"1005.00","184.69","0","0","0","0","N/A","N/A","","1920","tetracycline-resistant ribosomal protection protein","tetracycline antibiotic","antibiotic target protection"
"127",1164,"ErmB","3000375","protein homolog model","CARD","1","100.0","no data","no data","Enterococcus faecium","38.00","0.00",38,99.87,"746.00","188.39","0","0","0","0","N/A","N/A","","747","Erm 23S ribosomal RNA methyltransferase","macrolide antibiotic; lincosamide antibiotic; streptogramin antibiotic; streptogramin A antibiotic; streptogramin B antibiotic","antibiotic target alteration"
"137",1165,"OmpA","3005044","protein homolog model","CARD","1","100.0","no data","no data","Klebsiella pneumoniae","10.00","0.00",10,50.58,"569.00","150.20","0","0","0","0","N/A","N/A","","1125","General Bacterial Porin with reduced permeability to peptide antibiotics","peptide antibiotic","reduced permeability to antibiotic"
"140",1165,"CepA-44","3006225","protein homolog model","CARD","1","100.0","no data","no data","Bacteroides fragilis","52.00","0.00",52,98.34,"888.00","192.96","0","0","0","0","N/A","N/A","","903","CepA beta-lactamase","cephalosporin","antibiotic inactivation"
"152",1184,"CfxA3","3003003","protein homolog model","CARD","1","100.0","no data","no data","Capnocytophaga ochracea","11.00","0.00",11,78.16,"755.00","197.91","0","0","0","0","N/A","N/A","","966","CfxA beta-lactamase","cephamycin","antibiotic inactivation"
"171",1236,"H-NS","3000676","protein homolog model","CARD","1","100.0","no data","no data","Escherichia coli","6.00","0.00",6,73.67,"305.00","195.50","0","0","0","0","N/A","N/A","","414","major facilitator superfamily (MFS) antibiotic efflux pump; resistance-nodulation-cell division (RND) antibiotic efflux pump","macrolide antibiotic; fluoroquinolone antibiotic; cephalosporin; cephamycin; penam; tetracycline antibiotic","antibiotic efflux"
"177",1236,"nimE","3007107","protein homolog model","CARD","1","100.0","no data","no data","Bacteroides fragilis","12.00","0.00",12,92.98,"477.00","180.67","0","0","0","0","N/A","N/A","","513","nitroimidazole reductase","nitroimidazole antibiotic","antibiotic inactivation"
"183",1237,"ErmB","3000375","protein homolog model","CARD","1","100.0","no data","no data","Enterococcus faecium","10.00","0.00",10,59.17,"442.00","191.60","0","0","0","0","N/A","N/A","","747","Erm 23S ribosomal RNA methyltransferase","macrolide antibiotic; lincosamide antibiotic; streptogramin antibiotic; streptogramin A antibiotic; streptogramin B antibiotic","antibiotic target alteration"
"205",1280,"H-NS","3000676","protein homolog model","CARD","1","100.0","no data","no data","Escherichia coli","10.00","0.00",10,54.59,"226.00","187.20","0","0","0","0","N/A","N/A","","414","major facilitator superfamily (MFS) antibiotic efflux pump; resistance-nodulation-cell division (RND) antibiotic efflux pump","macrolide antibiotic; fluoroquinolone antibiotic; cephalosporin; cephamycin; penam; tetracycline antibiotic","antibiotic efflux"
"215",1280,"Klebsiella pneumoniae KpnE","3004580","protein homolog model","CARD","1","100.0","no data","no data","Klebsiella pneumoniae","2.00","0.00",2,76.03,"276.00","198.00","0","0","0","0","N/A","N/A","","363","small multidrug resistance (SMR) antibiotic efflux pump","macrolide antibiotic; aminoglycoside antibiotic; cephalosporin; tetracycline antibiotic; peptide antibiotic; rifamycin antibiotic; disinfecting agents and antiseptics","antibiotic efflux"
"216",1280,"OmpA","3005044","protein homolog model","CARD","1","100.0","no data","no data","Klebsiella pneumoniae","49.00","0.00",49,96.09,"1081.00","148.94","0","0","0","0","N/A","N/A","","1125","General Bacterial Porin with reduced permeability to peptide antibiotics","peptide antibiotic","reduced permeability to antibiotic"
"233",1315,"tet(Q)","3000191","protein homolog model","CARD","1","100.0","no data","no data","Bacteroides fragilis","21.00","0.00",21,56.53,"1116.00","186.67","0","0","0","0","N/A","N/A","","1974","tetracycline-resistant ribosomal protection protein","tetracycline antibiotic","antibiotic target protection"
"235",1317,"CfxA6","3003097","protein homolog model","CARD","1","100.0","no data","no data","uncultured organism","26.00","0.00",26,100,"996.00","185.08","0","0","0","0","N/A","N/A","","996","CfxA beta-lactamase","cephamycin","antibiotic inactivation"
"236",1317,"OXA-85","3001780","protein homolog model","CARD","1","100.0","no data","no data","Fusobacterium nucleatum","10.00","0.00",10,67.45,"516.00","198.80","0","0","0","0","N/A","N/A","","765","OXA beta-lactamase","penam","antibiotic inactivation"
"239",1317,"ErmF","3000498","protein homolog model","CARD","1","100.0","no data","no data","Bacteroides fragilis","7.00","0.00",7,52.56,"421.00","194.43","0","0","0","0","N/A","N/A","","801","Erm 23S ribosomal RNA methyltransferase","macrolide antibiotic; lincosamide antibiotic; streptogramin antibiotic; streptogramin A antibiotic; streptogramin B antibiotic","antibiotic target alteration"
"243",1317,"tet(Q)","3000191","protein homolog model","CARD","1","100.0","no data","no data","Bacteroides fragilis","206.00","0.00",206,100,"1974.00","188.89","0","0","0","0","N/A","N/A","","1974","tetracycline-resistant ribosomal protection protein","tetracycline antibiotic","antibiotic target protection"
"244",1317,"ErmB","3000375","protein homolog model","CARD","1","100.0","no data","no data","Enterococcus faecium","10.00","0.00",10,67.6,"505.00","192.10","0","0","0","0","N/A","N/A","","747","Erm 23S ribosomal RNA methyltransferase","macrolide antibiotic; lincosamide antibiotic; streptogramin antibiotic; streptogramin A antibiotic; streptogramin B antibiotic","antibiotic target alteration"
"245",1317,"CfxA3","3003003","protein homolog model","CARD","1","100.0","no data","no data","Capnocytophaga ochracea","8.00","0.00",8,81.26,"785.00","186.38","0","0","0","0","N/A","N/A","","966","CfxA beta-lactamase","cephamycin","antibiotic inactivation"
"246",1317,"tet(O)","3000190","protein homolog model","CARD","1","100.0","no data","no data","Campylobacter jejuni","31.00","0.00",31,73.59,"1413.00","191.03","0","0","0","0","N/A","N/A","","1920","tetracycline-resistant ribosomal protection protein","tetracycline antibiotic","antibiotic target protection"
"247",1317,"Mef(En2)","3004659","protein homolog model","CARD","1","100.0","no data","no data","Bacteroides fragilis","8.00","0.00",8,64.68,"780.00","199.00","0","0","0","0","N/A","N/A","","1206","major facilitator superfamily (MFS) antibiotic efflux pump","macrolide antibiotic; lincosamide antibiotic","antibiotic efflux"
"259",1354,"CfxA2","3003002","protein homolog model","CARD","1","100.0","no data","no data","Prevotella intermedia","14.00","0.00",14,89.65,"866.00","196.79","0","0","0","0","N/A","N/A","","966","CfxA beta-lactamase","cephamycin","antibiotic inactivation"
"264",1354,"nimK","3007113","protein homolog model","CARD","1","100.0","no data","no data","Prevotella bivia","2.00","0.00",2,59.17,"300.00","200.00","0","0","0","0","N/A","N/A","","507","nitroimidazole reductase","nitroimidazole antibiotic","antibiotic inactivation"
"266",1378,"nimA","3007104","protein homolog model","CARD","1","100.0","no data","no data","Phocaeicola vulgatus","6.00","0.00",6,57.06,"303.00","193.00","0","0","0","0","N/A","N/A","","531","nitroimidazole reductase","nitroimidazole antibiotic","antibiotic inactivation"
"275",1388,"aadA17","3002617","protein homolog model","CARD","1","100.0","no data","no data","Aeromonas media","6.00","0.00",6,54.67,"433.00","198.50","0","0","0","0","N/A","N/A","","792","ANT(3'')","aminoglycoside antibiotic","antibiotic inactivation"
"277",1388,"ErmF","3000498","protein homolog model","CARD","1","100.0","no data","no data","Bacteroides fragilis","6.00","0.00",6,54.93,"440.00","174.83","0","0","0","0","N/A","N/A","","801","Erm 23S ribosomal RNA methyltransferase","macrolide antibiotic; lincosamide antibiotic; streptogramin antibiotic; streptogramin A antibiotic; streptogramin B antibiotic","antibiotic target alteration"
"280",1388,"CfxA","3003001","protein homolog model","CARD","1","100.0","no data","no data","Phocaeicola vulgatus","33.00","0.00",33,77.23,"746.00","154.55","0","0","0","0","N/A","N/A","","966","CfxA beta-lactamase","cephamycin; oxacephem","antibiotic inactivation"
"281",1388,"CTX-M-55","3001917","protein homolog model","CARD","1","100.0","no data","no data","Escherichia coli","80.00","0.00",80,100,"876.00","195.78","0","0","0","0","N/A","N/A","","876","CTX-M beta-lactamase","cephalosporin","antibiotic inactivation"
"283",1388,"acrB","3000216","protein homolog model","CARD","1","100.0","no data","no data","Escherichia coli","55.00","0.00",55,79.65,"2509.00","193.71","0","0","0","0","N/A","N/A","","3150","resistance-nodulation-cell division (RND) antibiotic efflux pump","fluoroquinolone antibiotic; cephalosporin; glycylcycline; penam; tetracycline antibiotic; rifamycin antibiotic; phenicol antibiotic; disinfecting agents and antiseptics","antibiotic efflux"
"285",1388,"H-NS","3000676","protein homolog model","CARD","1","100.0","no data","no data","Escherichia coli","30.00","0.00",30,94.2,"390.00","192.63","0","0","0","0","N/A","N/A","","414","major facilitator superfamily (MFS) antibiotic efflux pump; resistance-nodulation-cell division (RND) antibiotic efflux pump","macrolide antibiotic; fluoroquinolone antibiotic; cephalosporin; cephamycin; penam; tetracycline antibiotic","antibiotic efflux"
"287",1388,"tet(Q)","3000191","protein homolog model","CARD","1","100.0","no data","no data","Bacteroides fragilis","32.00","0.00",32,81.1,"1601.00","197.06","0","0","0","0","N/A","N/A","","1974","tetracycline-resistant ribosomal protection protein","tetracycline antibiotic","antibiotic target protection"
"289",1388,"emrR","3000516","protein homolog model","CARD","1","100.0","no data","no data","Escherichia coli","2.00","0.00",2,56.31,"299.00","198.00","0","0","0","0","N/A","N/A","","531","major facilitator superfamily (MFS) antibiotic efflux pump","fluoroquinolone antibiotic","antibiotic efflux"
"291",1388,"aadA22","3002619","protein homolog model","CARD","1","100.0","no data","no data","Salmonella enterica","13.00","0.00",13,64.77,"513.00","193.92","0","0","0","0","N/A","N/A","","792","ANT(3'')","aminoglycoside antibiotic","antibiotic inactivation"
"292",1388,"ErmB","3000375","protein homolog model","CARD","1","100.0","no data","no data","Enterococcus faecium","4.00","0.00",4,59.17,"442.00","195.00","0","0","0","0","N/A","N/A","","747","Erm 23S ribosomal RNA methyltransferase","macrolide antibiotic; lincosamide antibiotic; streptogramin antibiotic; streptogramin A antibiotic; streptogramin B antibiotic","antibiotic target alteration"
"293",1388,"linG","3002879","protein homolog model","CARD","1","100.0","no data","no data","Salmonella enterica","10.00","0.00",10,59.98,"493.00","193.50","0","0","0","0","N/A","N/A","","822","lincosamide nucleotidyltransferase (LNU)","lincosamide antibiotic","antibiotic inactivation"
"294",1388,"marA","3000263","protein homolog model","CARD","1","100.0","no data","no data","Escherichia coli","25.00","0.00",25,98.44,"378.00","185.16","0","0","0","0","N/A","N/A","","384","resistance-nodulation-cell division (RND) antibiotic efflux pump; General Bacterial Porin with reduced permeability to beta-lactams","fluoroquinolone antibiotic; monobactam; carbapenem; cephalosporin; glycylcycline; cephamycin; penam; tetracycline antibiotic; rifamycin antibiotic; phenicol antibiotic; penem; disinfecting agents and antiseptics","antibiotic efflux; reduced permeability to antibiotic"
"298",1388,"Escherichia coli acrA","3004043","protein homolog model","CARD","1","100.0","no data","no data","Escherichia coli","22.00","0.00",22,76.13,"909.00","196.77","0","0","0","0","N/A","N/A","","1194","resistance-nodulation-cell division (RND) antibiotic efflux pump","fluoroquinolone antibiotic; cephalosporin; glycylcycline; penam; tetracycline antibiotic; rifamycin antibiotic; phenicol antibiotic; disinfecting agents and antiseptics","antibiotic efflux"
"300",1388,"OmpA","3005044","protein homolog model","CARD","1","100.0","no data","no data","Klebsiella pneumoniae","46.00","0.00",46,81.51,"917.00","133.96","0","0","0","0","N/A","N/A","","1125","General Bacterial Porin with reduced permeability to peptide antibiotics","peptide antibiotic","reduced permeability to antibiotic"
"301",1388,"TolC","3000237","protein homolog model","CARD","1","100.0","no data","no data","Escherichia coli","23.00","0.00",23,59.07,"879.00","189.39","0","0","0","0","N/A","N/A","","1488","ATP-binding cassette (ABC) antibiotic efflux pump; major facilitator superfamily (MFS) antibiotic efflux pump; resistance-nodulation-cell division (RND) antibiotic efflux pump","macrolide antibiotic; fluoroquinolone antibiotic; aminoglycoside antibiotic; carbapenem; cephalosporin; glycylcycline; cephamycin; penam; tetracycline antibiotic; peptide antibiotic; aminocoumarin antibiotic; rifamycin antibiotic; phenicol antibiotic; penem; disinfecting agents and antiseptics","antibiotic efflux"
"312",1397,"lnuC","3002837","protein homolog model","CARD","1","100.0","no data","no data","Streptococcus agalactiae","2.00","0.00",2,60.81,"301.00","197.50","0","0","0","0","N/A","N/A","","495","lincosamide nucleotidyltransferase (LNU)","lincosamide antibiotic","antibiotic inactivation"
"321",1397,"tet(Q)","3000191","protein homolog model","CARD","1","100.0","no data","no data","Bacteroides fragilis","20.00","0.00",20,56.94,"1124.00","188.45","0","0","0","0","N/A","N/A","","1974","tetracycline-resistant ribosomal protection protein","tetracycline antibiotic","antibiotic target protection"
"331",1414,"H-NS","3000676","protein homolog model","CARD","1","100.0","no data","no data","Escherichia coli","2.00","0.00",2,60.87,"252.00","197.50","0","0","0","0","N/A","N/A","","414","major facilitator superfamily (MFS) antibiotic efflux pump; resistance-nodulation-cell division (RND) antibiotic efflux pump","macrolide antibiotic; fluoroquinolone antibiotic; cephalosporin; cephamycin; penam; tetracycline antibiotic","antibiotic efflux"
"332",1419,"CfxA2","3003002","protein homolog model","CARD","1","100.0","no data","no data","Prevotella intermedia","6.00","0.00",6,56.73,"548.00","195.67","0","0","0","0","N/A","N/A","","966","CfxA beta-lactamase","cephamycin","antibiotic inactivation"
"334",1419,"ErmB","3000375","protein homolog model","CARD","1","100.0","no data","no data","Enterococcus faecium","4.00","0.00",4,68.01,"508.00","199.00","0","0","0","0","N/A","N/A","","747","Erm 23S ribosomal RNA methyltransferase","macrolide antibiotic; lincosamide antibiotic; streptogramin antibiotic; streptogramin A antibiotic; streptogramin B antibiotic","antibiotic target alteration"
"336",1419,"OmpA","3005044","protein homolog model","CARD","1","100.0","no data","no data","Klebsiella pneumoniae","9.00","0.00",9,72.27,"813.00","149.89","0","0","0","0","N/A","N/A","","1125","General Bacterial Porin with reduced permeability to peptide antibiotics","peptide antibiotic","reduced permeability to antibiotic"
"339",1425,"lnuC","3002837","protein homolog model","CARD","1","100.0","no data","no data","Streptococcus agalactiae","2.00","0.00",2,57.98,"287.00","198.00","0","0","0","0","N/A","N/A","","495","lincosamide nucleotidyltransferase (LNU)","lincosamide antibiotic","antibiotic inactivation"
"344",1425,"H-NS","3000676","protein homolog model","CARD","1","100.0","no data","no data","Escherichia coli","24.00","0.00",24,100,"414.00","187.25","0","0","0","0","N/A","N/A","","414","major facilitator superfamily (MFS) antibiotic efflux pump; resistance-nodulation-cell division (RND) antibiotic efflux pump","macrolide antibiotic; fluoroquinolone antibiotic; cephalosporin; cephamycin; penam; tetracycline antibiotic","antibiotic efflux"
"355",1425,"OmpA","3005044","protein homolog model","CARD","1","100.0","no data","no data","Klebsiella pneumoniae","62.00","0.00",62,96.62,"1087.00","145.32","0","0","0","0","N/A","N/A","","1125","General Bacterial Porin with reduced permeability to peptide antibiotics","peptide antibiotic","reduced permeability to antibiotic"
"366",1456,"H-NS","3000676","protein homolog model","CARD","1","100.0","no data","no data","Escherichia coli","2.00","0.00",2,65.7,"272.00","199.00","0","0","0","0","N/A","N/A","","414","major facilitator superfamily (MFS) antibiotic efflux pump; resistance-nodulation-cell division (RND) antibiotic efflux pump","macrolide antibiotic; fluoroquinolone antibiotic; cephalosporin; cephamycin; penam; tetracycline antibiotic","antibiotic efflux"
"367",1456,"tet(Q)","3000191","protein homolog model","CARD","1","100.0","no data","no data","Bacteroides fragilis","51.00","0.00",51,88.4,"1745.00","186.92","0","0","0","0","N/A","N/A","","1974","tetracycline-resistant ribosomal protection protein","tetracycline antibiotic","antibiotic target protection"
"370",1456,"CfxA3","3003003","protein homolog model","CARD","1","100.0","no data","no data","Capnocytophaga ochracea","30.00","0.00",30,93.89,"907.00","184.77","0","0","0","0","N/A","N/A","","966","CfxA beta-lactamase","cephamycin","antibiotic inactivation"
"375",1457,"CfxA6","3003097","protein homolog model","CARD","1","100.0","no data","no data","uncultured organism","18.00","0.00",18,73.8,"735.00","184.44","0","0","0","0","N/A","N/A","","996","CfxA beta-lactamase","cephamycin","antibiotic inactivation"
"376",1457,"CfxA4","3003005","protein homolog model","CARD","1","100.0","no data","no data","Bacteroides fragilis","18.00","0.00",18,90.27,"872.00","196.28","0","0","0","0","N/A","N/A","","966","CfxA beta-lactamase","cephamycin","antibiotic inactivation"
"377",1457,"tet(W)","3000194","protein homolog model","CARD","1","100.0","no data","no data","Butyrivibrio fibrisolvens","27.00","0.00",27,66.77,"1282.00","190.89","0","0","0","0","N/A","N/A","","1920","tetracycline-resistant ribosomal protection protein","tetracycline antibiotic","antibiotic target protection"
"380",1457,"CRP","3000518","protein homolog model","CARD","1","100.0","no data","no data","Escherichia coli","5.00","0.00",5,53.71,"340.00","194.00","0","0","0","0","N/A","N/A","","633","resistance-nodulation-cell division (RND) antibiotic efflux pump","macrolide antibiotic; fluoroquinolone antibiotic; penam","antibiotic efflux"
"386",1457,"H-NS","3000676","protein homolog model","CARD","1","100.0","no data","no data","Escherichia coli","55.00","0.00",55,94.44,"391.00","190.91","0","0","0","0","N/A","N/A","","414","major facilitator superfamily (MFS) antibiotic efflux pump; resistance-nodulation-cell division (RND) antibiotic efflux pump","macrolide antibiotic; fluoroquinolone antibiotic; cephalosporin; cephamycin; penam; tetracycline antibiotic","antibiotic efflux"
"388",1457,"tet(Q)","3000191","protein homolog model","CARD","1","100.0","no data","no data","Bacteroides fragilis","51.00","0.00",51,83.89,"1656.00","183.61","0","0","0","0","N/A","N/A","","1974","tetracycline-resistant ribosomal protection protein","tetracycline antibiotic","antibiotic target protection"
"391",1457,"marA","3000263","protein homolog model","CARD","1","100.0","no data","no data","Escherichia coli","3.00","0.00",3,59.64,"229.00","185.67","0","0","0","0","N/A","N/A","","384","resistance-nodulation-cell division (RND) antibiotic efflux pump; General Bacterial Porin with reduced permeability to beta-lactams","fluoroquinolone antibiotic; monobactam; carbapenem; cephalosporin; glycylcycline; cephamycin; penam; tetracycline antibiotic; rifamycin antibiotic; phenicol antibiotic; penem; disinfecting agents and antiseptics","antibiotic efflux; reduced permeability to antibiotic"
"395",1457,"Escherichia coli acrA","3004043","protein homolog model","CARD","1","100.0","no data","no data","Escherichia coli","18.00","0.00",18,72.36,"864.00","193.56","0","0","0","0","N/A","N/A","","1194","resistance-nodulation-cell division (RND) antibiotic efflux pump","fluoroquinolone antibiotic; cephalosporin; glycylcycline; penam; tetracycline antibiotic; rifamycin antibiotic; phenicol antibiotic; disinfecting agents and antiseptics","antibiotic efflux"
"401",1457,"OmpA","3005044","protein homolog model","CARD","1","100.0","no data","no data","Klebsiella pneumoniae","77.00","0.00",77,97.6,"1098.00","141.70","0","0","0","0","N/A","N/A","","1125","General Bacterial Porin with reduced permeability to peptide antibiotics","peptide antibiotic","reduced permeability to antibiotic"
"409",1463,"H-NS","3000676","protein homolog model","CARD","1","100.0","no data","no data","Escherichia coli","2.00","0.00",2,63.04,"261.00","198.00","0","0","0","0","N/A","N/A","","414","major facilitator superfamily (MFS) antibiotic efflux pump; resistance-nodulation-cell division (RND) antibiotic efflux pump","macrolide antibiotic; fluoroquinolone antibiotic; cephalosporin; cephamycin; penam; tetracycline antibiotic","antibiotic efflux"
"419",1464,"CfxA2","3003002","protein homolog model","CARD","1","100.0","no data","no data","Prevotella intermedia","12.00","0.00",12,100,"966.00","197.00","0","0","0","0","N/A","N/A","","966","CfxA beta-lactamase","cephamycin","antibiotic inactivation"
"420",1464,"OXA-85","3001780","protein homolog model","CARD","1","100.0","no data","no data","Fusobacterium nucleatum","14.00","0.00",14,73.33,"561.00","196.71","0","0","0","0","N/A","N/A","","765","OXA beta-lactamase","penam","antibiotic inactivation"
"421",1464,"catP","3002686","protein homolog model","CARD","1","100.0","no data","no data","Clostridium perfringens","94.00","0.00",94,100,"624.00","193.87","0","0","0","0","N/A","N/A","","624","chloramphenicol acetyltransferase (CAT)","phenicol antibiotic","antibiotic inactivation"
"426",1464,"tet(32)","3000196","protein homolog model","CARD","1","100.0","no data","no data","Escherichia coli","35.00","0.00",35,62.08,"1192.00","185.89","0","0","0","0","N/A","N/A","","1920","tetracycline-resistant ribosomal protection protein","tetracycline antibiotic","antibiotic target protection"
"433",1477,"ErmF","3000498","protein homolog model","CARD","1","100.0","no data","no data","Bacteroides fragilis","6.00","0.00",6,51.81,"415.00","194.83","0","0","0","0","N/A","N/A","","801","Erm 23S ribosomal RNA methyltransferase","macrolide antibiotic; lincosamide antibiotic; streptogramin antibiotic; streptogramin A antibiotic; streptogramin B antibiotic","antibiotic target alteration"
"434",1477,"sul2","3000412","protein homolog model","CARD","1","100.0","no data","no data","Vibrio cholerae","10.00","0.00",10,68.38,"558.00","198.90","0","0","0","0","N/A","N/A","","816","sulfonamide resistant sul","sulfonamide antibiotic","antibiotic target replacement"
"440",1477,"AQU-1","3002993","protein homolog model","CARD","1","100.0","no data","no data","Aeromonas dhakensis","12.00","0.00",12,50.04,"572.00","184.08","0","0","0","0","N/A","N/A","","1143","AQU beta-lactamase","cephalosporin","antibiotic inactivation"
"442",1477,"AQU-3","3004648","protein homolog model","CARD","1","100.0","no data","no data","Aeromonas dhakensis","23.00","0.00",23,65.1,"748.00","186.30","0","0","0","0","N/A","N/A","","1149","AQU beta-lactamase","cephalosporin","antibiotic inactivation"
"444",1477,"OXA-726","3005931","protein homolog model","CARD","1","100.0","no data","no data","Aeromonas hydrophila","12.00","0.00",12,57.48,"457.00","182.42","0","0","0","0","N/A","N/A","","795","OXA beta-lactamase; OXA-12-like beta-lactamase","penam","antibiotic inactivation"
"447",1489,"tet(Q)","3000191","protein homolog model","CARD","1","100.0","no data","no data","Bacteroides fragilis","54.00","0.00",54,77.41,"1528.00","192.89","0","0","0","0","N/A","N/A","","1974","tetracycline-resistant ribosomal protection protein","tetracycline antibiotic","antibiotic target protection"
"449",1489,"Mef(En2)","3004659","protein homolog model","CARD","1","100.0","no data","no data","Bacteroides fragilis","10.00","0.00",10,51.41,"620.00","192.90","0","0","0","0","N/A","N/A","","1206","major facilitator superfamily (MFS) antibiotic efflux pump","macrolide antibiotic; lincosamide antibiotic","antibiotic efflux"
"455",1504,"APH(3')-Ib","3002642","protein homolog model","CARD","1","100.0","no data","no data","Plasmid RP4","48.00","0.00",48,99.88,"815.00","189.15","0","0","0","0","N/A","N/A","","816","APH(3')","aminoglycoside antibiotic","antibiotic inactivation"
"456",1504,"sul2","3000412","protein homolog model","CARD","1","100.0","no data","no data","Vibrio cholerae","12.00","0.00",12,74.26,"606.00","187.83","0","0","0","0","N/A","N/A","","816","sulfonamide resistant sul","sulfonamide antibiotic","antibiotic target replacement"
"466",1538,"H-NS","3000676","protein homolog model","CARD","1","100.0","no data","no data","Escherichia coli","8.00","0.00",8,55.07,"228.00","195.12","0","0","0","0","N/A","N/A","","414","major facilitator superfamily (MFS) antibiotic efflux pump; resistance-nodulation-cell division (RND) antibiotic efflux pump","macrolide antibiotic; fluoroquinolone antibiotic; cephalosporin; cephamycin; penam; tetracycline antibiotic","antibiotic efflux"
"468",1538,"marA","3000263","protein homolog model","CARD","1","100.0","no data","no data","Escherichia coli","2.00","0.00",2,53.39,"205.00","171.50","0","0","0","0","N/A","N/A","","384","resistance-nodulation-cell division (RND) antibiotic efflux pump; General Bacterial Porin with reduced permeability to beta-lactams","fluoroquinolone antibiotic; monobactam; carbapenem; cephalosporin; glycylcycline; cephamycin; penam; tetracycline antibiotic; rifamycin antibiotic; phenicol antibiotic; penem; disinfecting agents and antiseptics","antibiotic efflux; reduced permeability to antibiotic"
"482",1543,"tet(O)","3000190","protein homolog model","CARD","1","100.0","no data","no data","Campylobacter jejuni","16.00","0.00",16,68.91,"1323.00","191.31","0","0","0","0","N/A","N/A","","1920","tetracycline-resistant ribosomal protection protein","tetracycline antibiotic","antibiotic target protection"
"484",1543,"CfiA14","3006908","protein homolog model","CARD","1","100.0","no data","no data","Bacteroides fragilis","6.00","0.00",6,50.53,"379.00","199.00","0","0","0","0","N/A","N/A","","750","CfiA beta-lactamase","carbapenem","antibiotic inactivation"
"485",1543,"CfiA19","3006911","protein homolog model","CARD","1","100.0","no data","no data","Bacteroides fragilis","9.00","0.00",9,83.87,"629.00","198.33","0","0","0","0","N/A","N/A","","750","CfiA beta-lactamase","carbapenem","antibiotic inactivation"
"488",1549,"CfxA2","3003002","protein homolog model","CARD","1","100.0","no data","no data","Prevotella intermedia","6.00","0.00",6,72.88,"704.00","200.83","0","0","0","0","N/A","N/A","","966","CfxA beta-lactamase","cephamycin","antibiotic inactivation"
"498",1592,"ErmF","3000498","protein homolog model","CARD","1","100.0","no data","no data","Bacteroides fragilis","6.00","0.00",6,74.66,"598.00","195.83","0","0","0","0","N/A","N/A","","801","Erm 23S ribosomal RNA methyltransferase","macrolide antibiotic; lincosamide antibiotic; streptogramin antibiotic; streptogramin A antibiotic; streptogramin B antibiotic","antibiotic target alteration"
"501",1592,"tet(Q)","3000191","protein homolog model","CARD","1","100.0","no data","no data","Bacteroides fragilis","12.00","0.00",12,51.17,"1010.00","193.08","0","0","0","0","N/A","N/A","","1974","tetracycline-resistant ribosomal protection protein","tetracycline antibiotic","antibiotic target protection"
"514",1603,"OXA-55","3001813","protein homolog model","CARD","1","100.0","no data","no data","Shewanella algae","23.00","0.00",23,89.54,"779.00","187.39","0","0","0","0","N/A","N/A","","870","OXA beta-lactamase; OXA-55-like beta-lactamase","carbapenem; penam","antibiotic inactivation"
"524",1610,"H-NS","3000676","protein homolog model","CARD","1","100.0","no data","no data","Escherichia coli","20.00","0.00",20,94.2,"390.00","191.55","0","0","0","0","N/A","N/A","","414","major facilitator superfamily (MFS) antibiotic efflux pump; resistance-nodulation-cell division (RND) antibiotic efflux pump","macrolide antibiotic; fluoroquinolone antibiotic; cephalosporin; cephamycin; penam; tetracycline antibiotic","antibiotic efflux"
"525",1610,"tet(Q)","3000191","protein homolog model","CARD","1","100.0","no data","no data","Bacteroides fragilis","22.00","0.00",22,54.51,"1076.00","193.73","0","0","0","0","N/A","N/A","","1974","tetracycline-resistant ribosomal protection protein","tetracycline antibiotic","antibiotic target protection"
"528",1610,"OmpA","3005044","protein homolog model","CARD","1","100.0","no data","no data","Klebsiella pneumoniae","23.00","0.00",23,83.47,"939.00","142.61","0","0","0","0","N/A","N/A","","1125","General Bacterial Porin with reduced permeability to peptide antibiotics","peptide antibiotic","reduced permeability to antibiotic"
"532",1610,"nimA","3007104","protein homolog model","CARD","1","100.0","no data","no data","Phocaeicola vulgatus","4.00","0.00",4,62.9,"334.00","195.25","0","0","0","0","N/A","N/A","","531","nitroimidazole reductase","nitroimidazole antibiotic","antibiotic inactivation"
"534",1614,"tet(W)","3000194","protein homolog model","CARD","1","100.0","no data","no data","Butyrivibrio fibrisolvens","29.00","0.00",29,67.08,"1288.00","196.41","0","0","0","0","N/A","N/A","","1920","tetracycline-resistant ribosomal protection protein","tetracycline antibiotic","antibiotic target protection"
"535",1614,"H-NS","3000676","protein homolog model","CARD","1","100.0","no data","no data","Escherichia coli","2.00","0.00",2,50.97,"211.00","195.00","0","0","0","0","N/A","N/A","","414","major facilitator superfamily (MFS) antibiotic efflux pump; resistance-nodulation-cell division (RND) antibiotic efflux pump","macrolide antibiotic; fluoroquinolone antibiotic; cephalosporin; cephamycin; penam; tetracycline antibiotic","antibiotic efflux"
"540",1614,"pgpB","3003920","protein homolog model","CARD","1","100.0","no data","no data","Porphyromonas gingivalis","15.00","0.00",15,92.55,"658.00","195.53","0","0","0","0","N/A","N/A","","711","lipid A phosphatase","peptide antibiotic","antibiotic target alteration"
"541",1614,"OmpA","3005044","protein homolog model","CARD","1","100.0","no data","no data","Klebsiella pneumoniae","12.00","0.00",12,69.07,"777.00","145.92","0","0","0","0","N/A","N/A","","1125","General Bacterial Porin with reduced permeability to peptide antibiotics","peptide antibiotic","reduced permeability to antibiotic"
"544",1627,"CTX-M-107","3001967","protein homolog model","CARD","1","100.0","no data","no data","Shigella sp.","6.00","0.00",6,59.58,"513.00","192.17","0","0","0","0","N/A","N/A","","861","CTX-M beta-lactamase","cephalosporin","antibiotic inactivation"
"551",1627,"mphA","3000316","protein homolog model","CARD","1","100.0","no data","no data","Escherichia coli","28.00","0.00",28,80.46,"729.00","196.79","0","0","0","0","N/A","N/A","","906","macrolide phosphotransferase (MPH)","macrolide antibiotic","antibiotic inactivation"
"552",1627,"H-NS","3000676","protein homolog model","CARD","1","100.0","no data","no data","Escherichia coli","24.00","0.00",24,96.86,"401.00","192.42","0","0","0","0","N/A","N/A","","414","major facilitator superfamily (MFS) antibiotic efflux pump; resistance-nodulation-cell division (RND) antibiotic efflux pump","macrolide antibiotic; fluoroquinolone antibiotic; cephalosporin; cephamycin; penam; tetracycline antibiotic","antibiotic efflux"
"556",1627,"EreA2","3002826","protein homolog model","CARD","1","100.0","no data","no data","Providencia stuartii","10.00","0.00",10,54.12,"664.00","195.30","0","0","0","0","N/A","N/A","","1227","macrolide esterase","macrolide antibiotic","antibiotic inactivation"
"557",1627,"ErmB","3000375","protein homolog model","CARD","1","100.0","no data","no data","Enterococcus faecium","13.00","0.00",13,83.53,"624.00","182.54","0","0","0","0","N/A","N/A","","747","Erm 23S ribosomal RNA methyltransferase","macrolide antibiotic; lincosamide antibiotic; streptogramin antibiotic; streptogramin A antibiotic; streptogramin B antibiotic","antibiotic target alteration"
"568",1631,"ErmF","3000498","protein homolog model","CARD","1","100.0","no data","no data","Bacteroides fragilis","7.00","0.00",7,93.76,"751.00","198.57","0","0","0","0","N/A","N/A","","801","Erm 23S ribosomal RNA methyltransferase","macrolide antibiotic; lincosamide antibiotic; streptogramin antibiotic; streptogramin A antibiotic; streptogramin B antibiotic","antibiotic target alteration"
"577",1634,"tet(Q)","3000191","protein homolog model","CARD","1","100.0","no data","no data","Bacteroides fragilis","18.00","0.00",18,59.57,"1176.00","189.28","0","0","0","0","N/A","N/A","","1974","tetracycline-resistant ribosomal protection protein","tetracycline antibiotic","antibiotic target protection"
"581",1634,"AAC(3)-IVa","3002539","protein homolog model","CARD","1","100.0","no data","no data","Escherichia coli","8.00","0.00",8,67.82,"527.00","194.00","0","0","0","0","N/A","N/A","","777","AAC(3)","aminoglycoside antibiotic","antibiotic inactivation"
"593",1643,"sul2","3000412","protein homolog model","CARD","1","100.0","no data","no data","Vibrio cholerae","10.00","0.00",10,69,"563.00","195.00","0","0","0","0","N/A","N/A","","816","sulfonamide resistant sul","sulfonamide antibiotic","antibiotic target replacement"
"594",1643,"tet(Q)","3000191","protein homolog model","CARD","1","100.0","no data","no data","Bacteroides fragilis","16.00","0.00",16,54.46,"1075.00","187.25","0","0","0","0","N/A","N/A","","1974","tetracycline-resistant ribosomal protection protein","tetracycline antibiotic","antibiotic target protection"
"597",1646,"aadA","3002601","protein homolog model","CARD","1","100.0","no data","no data","Escherichia coli","20.00","0.00",20,52.53,"416.00","188.45","0","0","0","0","N/A","N/A","","792","ANT(3'')","aminoglycoside antibiotic","antibiotic inactivation"
"598",1646,"CRP","3000518","protein homolog model","CARD","1","100.0","no data","no data","Escherichia coli","4.00","0.00",4,63.03,"399.00","192.00","0","0","0","0","N/A","N/A","","633","resistance-nodulation-cell division (RND) antibiotic efflux pump","macrolide antibiotic; fluoroquinolone antibiotic; penam","antibiotic efflux"
"601",1646,"H-NS","3000676","protein homolog model","CARD","1","100.0","no data","no data","Escherichia coli","8.00","0.00",8,96.86,"401.00","193.38","0","0","0","0","N/A","N/A","","414","major facilitator superfamily (MFS) antibiotic efflux pump; resistance-nodulation-cell division (RND) antibiotic efflux pump","macrolide antibiotic; fluoroquinolone antibiotic; cephalosporin; cephamycin; penam; tetracycline antibiotic","antibiotic efflux"
"607",1646,"OmpA","3005044","protein homolog model","CARD","1","100.0","no data","no data","Klebsiella pneumoniae","41.00","0.00",41,86.31,"971.00","141.17","0","0","0","0","N/A","N/A","","1125","General Bacterial Porin with reduced permeability to peptide antibiotics","peptide antibiotic","reduced permeability to antibiotic"
"632",1657,"PDC-146","3006523","protein homolog model","CARD","1","100.0","no data","no data","Pseudomonas aeruginosa","8.00","0.00",8,53.85,"643.00","184.25","0","0","0","0","N/A","N/A","","1194","PDC beta-lactamase","monobactam; carbapenem; cephalosporin","antibiotic inactivation"
"634",1662,"CfxA2","3003002","protein homolog model","CARD","1","100.0","no data","no data","Prevotella intermedia","10.00","0.00",10,84.37,"815.00","198.70","0","0","0","0","N/A","N/A","","966","CfxA beta-lactamase","cephamycin","antibiotic inactivation"
"636",1662,"tet(Q)","3000191","protein homolog model","CARD","1","100.0","no data","no data","Bacteroides fragilis","16.00","0.00",16,66.06,"1304.00","180.19","0","0","0","0","N/A","N/A","","1974","tetracycline-resistant ribosomal protection protein","tetracycline antibiotic","antibiotic target protection"
"638",1662,"ErmB","3000375","protein homolog model","CARD","1","100.0","no data","no data","Enterococcus faecium","4.00","0.00",4,54.62,"408.00","198.50","0","0","0","0","N/A","N/A","","747","Erm 23S ribosomal RNA methyltransferase","macrolide antibiotic; lincosamide antibiotic; streptogramin antibiotic; streptogramin A antibiotic; streptogramin B antibiotic","antibiotic target alteration"
"643",1662,"nimK","3007113","protein homolog model","CARD","1","100.0","no data","no data","Prevotella bivia","6.00","0.00",6,100,"507.00","197.17","0","0","0","0","N/A","N/A","","507","nitroimidazole reductase","nitroimidazole antibiotic","antibiotic inactivation"
"654",1677,"TEM-198","3001057","protein homolog model","CARD","1","100.0","no data","no data","Klebsiella pneumoniae","8.00","0.00",8,54.36,"468.00","200.12","0","0","0","0","N/A","N/A","","861","TEM beta-lactamase","monobactam; cephalosporin; penam; penem","antibiotic inactivation"
"659",1677,"sul2","3000412","protein homolog model","CARD","1","100.0","no data","no data","Vibrio cholerae","12.00","0.00",12,50.49,"412.00","197.33","0","0","0","0","N/A","N/A","","816","sulfonamide resistant sul","sulfonamide antibiotic","antibiotic target replacement"
"663",1677,"H-NS","3000676","protein homolog model","CARD","1","100.0","no data","no data","Escherichia coli","58.00","0.00",58,100,"414.00","187.48","0","0","0","0","N/A","N/A","","414","major facilitator superfamily (MFS) antibiotic efflux pump; resistance-nodulation-cell division (RND) antibiotic efflux pump","macrolide antibiotic; fluoroquinolone antibiotic; cephalosporin; cephamycin; penam; tetracycline antibiotic","antibiotic efflux"
"667",1677,"emrR","3000516","protein homolog model","CARD","1","100.0","no data","no data","Escherichia coli","6.00","0.00",6,66.29,"352.00","189.50","0","0","0","0","N/A","N/A","","531","major facilitator superfamily (MFS) antibiotic efflux pump","fluoroquinolone antibiotic","antibiotic efflux"
"670",1677,"dfrA14","3002859","protein homolog model","CARD","1","100.0","no data","no data","Escherichia coli","16.00","0.00",16,98.73,"468.00","185.44","0","0","0","0","N/A","N/A","","474","trimethoprim resistant dihydrofolate reductase dfr","diaminopyrimidine antibiotic","antibiotic target replacement"
"671",1677,"emrA","3000027","protein homolog model","CARD","1","100.0","no data","no data","Escherichia coli","6.00","0.00",6,63.94,"750.00","194.17","0","0","0","0","N/A","N/A","","1173","major facilitator superfamily (MFS) antibiotic efflux pump","fluoroquinolone antibiotic","antibiotic efflux"
"673",1677,"APH(3'')-Ib","3002639","protein homolog model","CARD","1","100.0","no data","no data","Pseudomonas aeruginosa","5.00","0.00",5,59.45,"478.00","199.40","0","0","0","0","N/A","N/A","","804","APH(3'')","aminoglycoside antibiotic","antibiotic inactivation"
"676",1677,"Escherichia coli acrA","3004043","protein homolog model","CARD","1","100.0","no data","no data","Escherichia coli","16.00","0.00",16,65.83,"786.00","191.69","0","0","0","0","N/A","N/A","","1194","resistance-nodulation-cell division (RND) antibiotic efflux pump","fluoroquinolone antibiotic; cephalosporin; glycylcycline; penam; tetracycline antibiotic; rifamycin antibiotic; phenicol antibiotic; disinfecting agents and antiseptics","antibiotic efflux"
"678",1677,"OmpA","3005044","protein homolog model","CARD","1","100.0","no data","no data","Klebsiella pneumoniae","227.00","0.00",227,100,"1125.00","145.19","0","0","0","0","N/A","N/A","","1125","General Bacterial Porin with reduced permeability to peptide antibiotics","peptide antibiotic","reduced permeability to antibiotic"
"679",1677,"TolC","3000237","protein homolog model","CARD","1","100.0","no data","no data","Escherichia coli","22.00","0.00",22,82.26,"1224.00","188.00","0","0","0","0","N/A","N/A","","1488","ATP-binding cassette (ABC) antibiotic efflux pump; major facilitator superfamily (MFS) antibiotic efflux pump; resistance-nodulation-cell division (RND) antibiotic efflux pump","macrolide antibiotic; fluoroquinolone antibiotic; aminoglycoside antibiotic; carbapenem; cephalosporin; glycylcycline; cephamycin; penam; tetracycline antibiotic; peptide antibiotic; aminocoumarin antibiotic; rifamycin antibiotic; phenicol antibiotic; penem; disinfecting agents and antiseptics","antibiotic efflux"
"684",326,"ErmF","3000498","protein homolog model","CARD","1","100.0","no data","no data","Bacteroides fragilis","8.00","0.00",8,94.88,"760.00","191.25","0","0","0","0","N/A","N/A","","801","Erm 23S ribosomal RNA methyltransferase","macrolide antibiotic; lincosamide antibiotic; streptogramin antibiotic; streptogramin A antibiotic; streptogramin B antibiotic","antibiotic target alteration"
"693",363,"catP","3002686","protein homolog model","CARD","1","100.0","no data","no data","Clostridium perfringens","6.00","0.00",6,51.12,"319.00","189.17","0","0","0","0","N/A","N/A","","624","chloramphenicol acetyltransferase (CAT)","phenicol antibiotic","antibiotic inactivation"
"706",609,"CfxA2","3003002","protein homolog model","CARD","1","100.0","no data","no data","Prevotella intermedia","4.00","0.00",4,62.32,"602.00","173.50","0","0","0","0","N/A","N/A","","966","CfxA beta-lactamase","cephamycin","antibiotic inactivation"
"711",612,"OmpA","3005044","protein homolog model","CARD","1","100.0","no data","no data","Klebsiella pneumoniae","11.00","0.00",11,62.93,"708.00","157.45","0","0","0","0","N/A","N/A","","1125","General Bacterial Porin with reduced permeability to peptide antibiotics","peptide antibiotic","reduced permeability to antibiotic"
"714",649,"CfxA6","3003097","protein homolog model","CARD","1","100.0","no data","no data","uncultured organism","15.00","0.00",15,73.9,"736.00","160.67","0","0","0","0","N/A","N/A","","996","CfxA beta-lactamase","cephamycin","antibiotic inactivation"
"718",649,"tet(Q)","3000191","protein homolog model","CARD","1","100.0","no data","no data","Bacteroides fragilis","48.00","0.00",48,70.72,"1396.00","191.48","0","0","0","0","N/A","N/A","","1974","tetracycline-resistant ribosomal protection protein","tetracycline antibiotic","antibiotic target protection"
"720",649,"nimK","3007113","protein homolog model","CARD","1","100.0","no data","no data","Prevotella bivia","10.00","0.00",10,90.93,"461.00","192.60","0","0","0","0","N/A","N/A","","507","nitroimidazole reductase","nitroimidazole antibiotic","antibiotic inactivation"
"728",665,"H-NS","3000676","protein homolog model","CARD","1","100.0","no data","no data","Escherichia coli","4.00","0.00",4,54.35,"225.00","176.00","0","0","0","0","N/A","N/A","","414","major facilitator superfamily (MFS) antibiotic efflux pump; resistance-nodulation-cell division (RND) antibiotic efflux pump","macrolide antibiotic; fluoroquinolone antibiotic; cephalosporin; cephamycin; penam; tetracycline antibiotic","antibiotic efflux"
"734",665,"OmpA","3005044","protein homolog model","CARD","1","100.0","no data","no data","Klebsiella pneumoniae","21.00","0.00",21,88.71,"998.00","151.48","0","0","0","0","N/A","N/A","","1125","General Bacterial Porin with reduced permeability to peptide antibiotics","peptide antibiotic","reduced permeability to antibiotic"
"735",665,"rsmA","3005069","protein homolog model","CARD","1","100.0","no data","no data","Pseudomonas aeruginosa","2.00","0.00",2,83.87,"156.00","199.50","0","0","0","0","N/A","N/A","","186","resistance-nodulation-cell division (RND) antibiotic efflux pump","fluoroquinolone antibiotic; diaminopyrimidine antibiotic; phenicol antibiotic","antibiotic efflux"
"737",698,"Escherichia coli emrE","3004039","protein homolog model","CARD","1","100.0","no data","no data","Escherichia coli","2.00","0.00",2,78.08,"260.00","155.50","0","0","0","0","N/A","N/A","","333","small multidrug resistance (SMR) antibiotic efflux pump","macrolide antibiotic","antibiotic efflux"
"738",742,"ErmF","3000498","protein homolog model","CARD","1","100.0","no data","no data","Bacteroides fragilis","36.00","0.00",36,100,"801.00","192.67","0","0","0","0","N/A","N/A","","801","Erm 23S ribosomal RNA methyltransferase","macrolide antibiotic; lincosamide antibiotic; streptogramin antibiotic; streptogramin A antibiotic; streptogramin B antibiotic","antibiotic target alteration"
"739",742,"sul2","3000412","protein homolog model","CARD","1","100.0","no data","no data","Vibrio cholerae","117.00","0.00",117,100,"816.00","192.61","0","0","0","0","N/A","N/A","","816","sulfonamide resistant sul","sulfonamide antibiotic","antibiotic target replacement"
"740",742,"tet(Q)","3000191","protein homolog model","CARD","1","100.0","no data","no data","Bacteroides fragilis","24.00","0.00",24,52.28,"1032.00","188.67","0","0","0","0","N/A","N/A","","1974","tetracycline-resistant ribosomal protection protein","tetracycline antibiotic","antibiotic target protection"
"745",765,"sul3","3000413","protein homolog model","CARD","1","100.0","no data","no data","Escherichia coli","4.00","0.00",4,60.48,"479.00","200.50","0","0","0","0","N/A","N/A","","792","sulfonamide resistant sul","sulfonamide antibiotic","antibiotic target replacement"
"746",765,"aadA","3002601","protein homolog model","CARD","1","100.0","no data","no data","Escherichia coli","14.00","0.00",14,76.89,"609.00","183.43","0","0","0","0","N/A","N/A","","792","ANT(3'')","aminoglycoside antibiotic","antibiotic inactivation"
"749",765,"sul2","3000412","protein homolog model","CARD","1","100.0","no data","no data","Vibrio cholerae","20.00","0.00",20,72.79,"594.00","188.30","0","0","0","0","N/A","N/A","","816","sulfonamide resistant sul","sulfonamide antibiotic","antibiotic target replacement"
"753",765,"APH(6)-Id","3002660","protein homolog model","CARD","1","100.0","no data","no data","Pseudomonas aeruginosa","45.00","0.00",45,94.5,"791.00","190.56","0","0","0","0","N/A","N/A","","837","APH(6)","aminoglycoside antibiotic","antibiotic inactivation"
"755",765,"acrB","3000216","protein homolog model","CARD","1","100.0","no data","no data","Escherichia coli","64.00","0.00",64,60.29,"1899.00","192.94","0","0","0","0","N/A","N/A","","3150","resistance-nodulation-cell division (RND) antibiotic efflux pump","fluoroquinolone antibiotic; cephalosporin; glycylcycline; penam; tetracycline antibiotic; rifamycin antibiotic; phenicol antibiotic; disinfecting agents and antiseptics","antibiotic efflux"
"756",765,"dfrA17","3002860","protein homolog model","CARD","1","100.0","no data","no data","Pseudomonas aeruginosa","3.00","0.00",3,66.67,"316.00","192.33","0","0","0","0","N/A","N/A","","474","trimethoprim resistant dihydrofolate reductase dfr","diaminopyrimidine antibiotic","antibiotic target replacement"
"758",765,"H-NS","3000676","protein homolog model","CARD","1","100.0","no data","no data","Escherichia coli","82.00","0.00",82,99.03,"410.00","191.72","0","0","0","0","N/A","N/A","","414","major facilitator superfamily (MFS) antibiotic efflux pump; resistance-nodulation-cell division (RND) antibiotic efflux pump","macrolide antibiotic; fluoroquinolone antibiotic; cephalosporin; cephamycin; penam; tetracycline antibiotic","antibiotic efflux"
"759",765,"QnrS3","3002792","protein homolog model","CARD","1","100.0","no data","no data","Escherichia coli","6.00","0.00",6,62.84,"411.00","181.67","0","0","0","0","N/A","N/A","","654","quinolone resistance protein (qnr)","fluoroquinolone antibiotic","antibiotic target protection"
"760",765,"emrR","3000516","protein homolog model","CARD","1","100.0","no data","no data","Escherichia coli","4.00","0.00",4,56.31,"299.00","195.50","0","0","0","0","N/A","N/A","","531","major facilitator superfamily (MFS) antibiotic efflux pump","fluoroquinolone antibiotic","antibiotic efflux"
"761",765,"APH(3'')-Ib","3002639","protein homolog model","CARD","1","100.0","no data","no data","Pseudomonas aeruginosa","14.00","0.00",14,73.38,"590.00","196.43","0","0","0","0","N/A","N/A","","804","APH(3'')","aminoglycoside antibiotic","antibiotic inactivation"
"768",765,"Escherichia coli emrE","3004039","protein homolog model","CARD","1","100.0","no data","no data","Escherichia coli","2.00","0.00",2,78.08,"260.00","155.50","0","0","0","0","N/A","N/A","","333","small multidrug resistance (SMR) antibiotic efflux pump","macrolide antibiotic","antibiotic efflux"
"769",765,"Escherichia coli acrA","3004043","protein homolog model","CARD","1","100.0","no data","no data","Escherichia coli","30.00","0.00",30,86.6,"1034.00","195.77","0","0","0","0","N/A","N/A","","1194","resistance-nodulation-cell division (RND) antibiotic efflux pump","fluoroquinolone antibiotic; cephalosporin; glycylcycline; penam; tetracycline antibiotic; rifamycin antibiotic; phenicol antibiotic; disinfecting agents and antiseptics","antibiotic efflux"
"771",765,"OmpA","3005044","protein homolog model","CARD","1","100.0","no data","no data","Klebsiella pneumoniae","74.00","0.00",74,96.89,"1090.00","138.70","0","0","0","0","N/A","N/A","","1125","General Bacterial Porin with reduced permeability to peptide antibiotics","peptide antibiotic","reduced permeability to antibiotic"
"772",765,"CTX-M-210","3005633","protein homolog model","CARD","1","100.0","no data","no data","Klebsiella pneumoniae","12.00","0.00",12,55.48,"486.00","192.25","0","0","0","0","N/A","N/A","","876","CTX-M beta-lactamase","cephalosporin","antibiotic inactivation"
"775",765,"MCR-5.1","3004332","protein homolog model","CARD","1","100.0","no data","no data","Salmonella enterica","39.00","0.00",39,84.25,"1385.00","195.59","0","0","0","0","N/A","N/A","","1644","MCR phosphoethanolamine transferase","peptide antibiotic","antibiotic target alteration"
"781",785,"H-NS","3000676","protein homolog model","CARD","1","100.0","no data","no data","Escherichia coli","12.00","0.00",12,98.31,"407.00","193.67","0","0","0","0","N/A","N/A","","414","major facilitator superfamily (MFS) antibiotic efflux pump; resistance-nodulation-cell division (RND) antibiotic efflux pump","macrolide antibiotic; fluoroquinolone antibiotic; cephalosporin; cephamycin; penam; tetracycline antibiotic","antibiotic efflux"
"786",785,"OmpA","3005044","protein homolog model","CARD","1","100.0","no data","no data","Klebsiella pneumoniae","19.00","0.00",19,72.8,"819.00","136.32","0","0","0","0","N/A","N/A","","1125","General Bacterial Porin with reduced permeability to peptide antibiotics","peptide antibiotic","reduced permeability to antibiotic"
"788",786,"CfxA6","3003097","protein homolog model","CARD","1","100.0","no data","no data","uncultured organism","22.00","0.00",22,81.63,"813.00","187.64","0","0","0","0","N/A","N/A","","996","CfxA beta-lactamase","cephamycin","antibiotic inactivation"
"789",786,"evgA","3000832","protein homolog model","CARD","1","100.0","no data","no data","Escherichia coli","6.00","0.00",6,64.72,"398.00","159.00","0","0","0","0","N/A","N/A","","615","major facilitator superfamily (MFS) antibiotic efflux pump; resistance-nodulation-cell division (RND) antibiotic efflux pump","macrolide antibiotic; fluoroquinolone antibiotic; penam; tetracycline antibiotic","antibiotic efflux"
"791",786,"H-NS","3000676","protein homolog model","CARD","1","100.0","no data","no data","Escherichia coli","8.00","0.00",8,59.9,"248.00","192.50","0","0","0","0","N/A","N/A","","414","major facilitator superfamily (MFS) antibiotic efflux pump; resistance-nodulation-cell division (RND) antibiotic efflux pump","macrolide antibiotic; fluoroquinolone antibiotic; cephalosporin; cephamycin; penam; tetracycline antibiotic","antibiotic efflux"
"800",814,"sul2","3000412","protein homolog model","CARD","1","100.0","no data","no data","Vibrio cholerae","19.00","0.00",19,64.34,"525.00","192.53","0","0","0","0","N/A","N/A","","816","sulfonamide resistant sul","sulfonamide antibiotic","antibiotic target replacement"
"804",834,"CMY-42","3002053","protein homolog model","CARD","1","100.0","no data","no data","Escherichia coli","90.00","0.00",90,92.06,"1055.00","195.37","0","0","0","0","N/A","N/A","","1146","CMY beta-lactamase","cephalosporin; cephamycin","antibiotic inactivation"
"805",834,"cpxA","3000830","protein homolog model","CARD","1","100.0","no data","no data","Escherichia coli","14.00","0.00",14,58.73,"807.00","191.29","0","0","0","0","N/A","N/A","","1374","resistance-nodulation-cell division (RND) antibiotic efflux pump","aminoglycoside antibiotic; aminocoumarin antibiotic","antibiotic efflux"
"807",834,"CRP","3000518","protein homolog model","CARD","1","100.0","no data","no data","Escherichia coli","7.00","0.00",7,62.09,"393.00","185.00","0","0","0","0","N/A","N/A","","633","resistance-nodulation-cell division (RND) antibiotic efflux pump","macrolide antibiotic; fluoroquinolone antibiotic; penam","antibiotic efflux"
"808",834,"ANT(6)-Ia","3002626","protein homolog model","CARD","1","100.0","no data","no data","Exiguobacterium sp.","7.00","0.00",7,51.74,"447.00","197.57","0","0","0","0","N/A","N/A","","864","ANT(6)","aminoglycoside antibiotic","antibiotic inactivation"
"812",834,"H-NS","3000676","protein homolog model","CARD","1","100.0","no data","no data","Escherichia coli","38.00","0.00",38,98.79,"409.00","193.68","0","0","0","0","N/A","N/A","","414","major facilitator superfamily (MFS) antibiotic efflux pump; resistance-nodulation-cell division (RND) antibiotic efflux pump","macrolide antibiotic; fluoroquinolone antibiotic; cephalosporin; cephamycin; penam; tetracycline antibiotic","antibiotic efflux"
"814",834,"APH(3')-IIIa","3002647","protein homolog model","CARD","1","100.0","no data","no data","Campylobacter coli","40.00","0.00",40,100,"795.00","193.12","0","0","0","0","N/A","N/A","","795","APH(3')","aminoglycoside antibiotic","antibiotic inactivation"
"817",834,"SAT-4","3002897","protein homolog model","CARD","1","100.0","no data","no data","Campylobacter coli","11.00","0.00",11,98.71,"536.00","172.00","0","0","0","0","N/A","N/A","","543","streptothricin acetyltransferase (SAT)","nucleoside antibiotic","antibiotic inactivation"
"825",834,"OmpA","3005044","protein homolog model","CARD","1","100.0","no data","no data","Klebsiella pneumoniae","180.00","0.00",180,99.64,"1121.00","136.62","0","0","0","0","N/A","N/A","","1125","General Bacterial Porin with reduced permeability to peptide antibiotics","peptide antibiotic","reduced permeability to antibiotic"
"826",834,"23S rRNA (adenine(2058)-N(6))-methyltransferase Erm(A)","3005099","protein homolog model","CARD","1","100.0","no data","no data","Streptococcus pyogenes","92.00","0.00",92,93.58,"685.00","194.48","0","0","0","0","N/A","N/A","","732","Erm 23S ribosomal RNA methyltransferase","macrolide antibiotic; lincosamide antibiotic; streptogramin antibiotic","antibiotic target alteration"
"827",834,"TolC","3000237","protein homolog model","CARD","1","100.0","no data","no data","Escherichia coli","15.00","0.00",15,57.12,"850.00","187.93","0","0","0","0","N/A","N/A","","1488","ATP-binding cassette (ABC) antibiotic efflux pump; major facilitator superfamily (MFS) antibiotic efflux pump; resistance-nodulation-cell division (RND) antibiotic efflux pump","macrolide antibiotic; fluoroquinolone antibiotic; aminoglycoside antibiotic; carbapenem; cephalosporin; glycylcycline; cephamycin; penam; tetracycline antibiotic; peptide antibiotic; aminocoumarin antibiotic; rifamycin antibiotic; phenicol antibiotic; penem; disinfecting agents and antiseptics","antibiotic efflux"
"834",865,"sul2","3000412","protein homolog model","CARD","1","100.0","no data","no data","Vibrio cholerae","6.00","0.00",6,58.95,"481.00","190.17","0","0","0","0","N/A","N/A","","816","sulfonamide resistant sul","sulfonamide antibiotic","antibiotic target replacement"
"840",865,"catII from Escherichia coli K-12","3004656","protein homolog model","CARD","1","100.0","no data","no data","Escherichia coli","7.00","0.00",7,77.41,"497.00","182.71","0","0","0","0","N/A","N/A","","642","chloramphenicol acetyltransferase (CAT)","phenicol antibiotic","antibiotic inactivation"
"842",865,"OmpA","3005044","protein homolog model","CARD","1","100.0","no data","no data","Klebsiella pneumoniae","13.00","0.00",13,62.67,"705.00","153.08","0","0","0","0","N/A","N/A","","1125","General Bacterial Porin with reduced permeability to peptide antibiotics","peptide antibiotic","reduced permeability to antibiotic"
"843",865,"CTX-M-198","3005621","protein homolog model","CARD","1","100.0","no data","no data","Escherichia coli","12.00","0.00",12,55.71,"488.00","191.33","0","0","0","0","N/A","N/A","","876","CTX-M beta-lactamase","cephalosporin","antibiotic inactivation"
"864",934,"ErmF","3000498","protein homolog model","CARD","1","100.0","no data","no data","Bacteroides fragilis","8.00","0.00",8,74.16,"594.00","183.50","0","0","0","0","N/A","N/A","","801","Erm 23S ribosomal RNA methyltransferase","macrolide antibiotic; lincosamide antibiotic; streptogramin antibiotic; streptogramin A antibiotic; streptogramin B antibiotic","antibiotic target alteration"
"866",934,"sul2","3000412","protein homolog model","CARD","1","100.0","no data","no data","Vibrio cholerae","43.00","0.00",43,98.9,"807.00","192.86","0","0","0","0","N/A","N/A","","816","sulfonamide resistant sul","sulfonamide antibiotic","antibiotic target replacement"
"870",934,"APH(3')-IIIa","3002647","protein homolog model","CARD","1","100.0","no data","no data","Campylobacter coli","4.00","0.00",4,50.19,"399.00","196.00","0","0","0","0","N/A","N/A","","795","APH(3')","aminoglycoside antibiotic","antibiotic inactivation"
"878",936,"TEM-206","3001383","protein homolog model","CARD","1","100.0","no data","no data","Escherichia coli","9.00","0.00",9,71.08,"612.00","188.67","0","0","0","0","N/A","N/A","","861","TEM beta-lactamase","monobactam; cephalosporin; penam; penem","antibiotic inactivation"
"880",936,"sul2","3000412","protein homolog model","CARD","1","100.0","no data","no data","Vibrio cholerae","5.00","0.00",5,50.98,"416.00","197.00","0","0","0","0","N/A","N/A","","816","sulfonamide resistant sul","sulfonamide antibiotic","antibiotic target replacement"
"882",936,"H-NS","3000676","protein homolog model","CARD","1","100.0","no data","no data","Escherichia coli","4.00","0.00",4,62.8,"260.00","196.50","0","0","0","0","N/A","N/A","","414","major facilitator superfamily (MFS) antibiotic efflux pump; resistance-nodulation-cell division (RND) antibiotic efflux pump","macrolide antibiotic; fluoroquinolone antibiotic; cephalosporin; cephamycin; penam; tetracycline antibiotic","antibiotic efflux"
"891",936,"OmpA","3005044","protein homolog model","CARD","1","100.0","no data","no data","Klebsiella pneumoniae","44.00","0.00",44,98.13,"1104.00","146.75","0","0","0","0","N/A","N/A","","1125","General Bacterial Porin with reduced permeability to peptide antibiotics","peptide antibiotic","reduced permeability to antibiotic"
"898",939,"CRP","3000518","protein homolog model","CARD","1","100.0","no data","no data","Escherichia coli","3.00","0.00",3,54.82,"347.00","184.67","0","0","0","0","N/A","N/A","","633","resistance-nodulation-cell division (RND) antibiotic efflux pump","macrolide antibiotic; fluoroquinolone antibiotic; penam","antibiotic efflux"
"899",939,"H-NS","3000676","protein homolog model","CARD","1","100.0","no data","no data","Escherichia coli","18.00","0.00",18,92.27,"382.00","191.61","0","0","0","0","N/A","N/A","","414","major facilitator superfamily (MFS) antibiotic efflux pump; resistance-nodulation-cell division (RND) antibiotic efflux pump","macrolide antibiotic; fluoroquinolone antibiotic; cephalosporin; cephamycin; penam; tetracycline antibiotic","antibiotic efflux"
"905",939,"OmpA","3005044","protein homolog model","CARD","1","100.0","no data","no data","Klebsiella pneumoniae","28.00","0.00",28,78.84,"887.00","146.75","0","0","0","0","N/A","N/A","","1125","General Bacterial Porin with reduced permeability to peptide antibiotics","peptide antibiotic","reduced permeability to antibiotic"
